FECHA	REGIÓN	Number of Records
7/12/2020	De Aisén del Gral. C. Ibáñez del Campo	1
7/11/2020	De Aisén del Gral. C. Ibáñez del Campo	1
7/9/2020	De Aisén del Gral. C. Ibáñez del Campo	1
7/8/2020	De Aisén del Gral. C. Ibáñez del Campo	2
7/6/2020	De Aisén del Gral. C. Ibáñez del Campo	4
7/5/2020	De Aisén del Gral. C. Ibáñez del Campo	5
7/4/2020	De Aisén del Gral. C. Ibáñez del Campo	2
7/2/2020	De Aisén del Gral. C. Ibáñez del Campo	2
6/29/2020	De Aisén del Gral. C. Ibáñez del Campo	4
6/28/2020	De Aisén del Gral. C. Ibáñez del Campo	1
6/27/2020	De Aisén del Gral. C. Ibáñez del Campo	3
6/26/2020	De Aisén del Gral. C. Ibáñez del Campo	1
6/25/2020	De Aisén del Gral. C. Ibáñez del Campo	3
6/24/2020	De Aisén del Gral. C. Ibáñez del Campo	2
6/23/2020	De Aisén del Gral. C. Ibáñez del Campo	2
6/22/2020	De Aisén del Gral. C. Ibáñez del Campo	2
6/21/2020	De Aisén del Gral. C. Ibáñez del Campo	3
6/20/2020	De Aisén del Gral. C. Ibáñez del Campo	2
6/19/2020	De Aisén del Gral. C. Ibáñez del Campo	1
6/18/2020	De Aisén del Gral. C. Ibáñez del Campo	1
6/15/2020	De Aisén del Gral. C. Ibáñez del Campo	2
6/14/2020	De Aisén del Gral. C. Ibáñez del Campo	3
6/13/2020	De Aisén del Gral. C. Ibáñez del Campo	2
6/12/2020	De Aisén del Gral. C. Ibáñez del Campo	1
6/11/2020	De Aisén del Gral. C. Ibáñez del Campo	4
6/10/2020	De Aisén del Gral. C. Ibáñez del Campo	2
6/9/2020	De Aisén del Gral. C. Ibáñez del Campo	1
6/8/2020	De Aisén del Gral. C. Ibáñez del Campo	2
6/7/2020	De Aisén del Gral. C. Ibáñez del Campo	3
6/6/2020	De Aisén del Gral. C. Ibáñez del Campo	2
6/5/2020	De Aisén del Gral. C. Ibáñez del Campo	1
6/4/2020	De Aisén del Gral. C. Ibáñez del Campo	4
6/3/2020	De Aisén del Gral. C. Ibáñez del Campo	3
5/31/2020	De Aisén del Gral. C. Ibáñez del Campo	3
5/30/2020	De Aisén del Gral. C. Ibáñez del Campo	1
5/29/2020	De Aisén del Gral. C. Ibáñez del Campo	5
5/28/2020	De Aisén del Gral. C. Ibáñez del Campo	3
5/27/2020	De Aisén del Gral. C. Ibáñez del Campo	1
5/26/2020	De Aisén del Gral. C. Ibáñez del Campo	2
5/24/2020	De Aisén del Gral. C. Ibáñez del Campo	2
5/23/2020	De Aisén del Gral. C. Ibáñez del Campo	1
5/22/2020	De Aisén del Gral. C. Ibáñez del Campo	2
5/21/2020	De Aisén del Gral. C. Ibáñez del Campo	1
5/17/2020	De Aisén del Gral. C. Ibáñez del Campo	3
5/16/2020	De Aisén del Gral. C. Ibáñez del Campo	2
5/15/2020	De Aisén del Gral. C. Ibáñez del Campo	4
5/14/2020	De Aisén del Gral. C. Ibáñez del Campo	1
5/12/2020	De Aisén del Gral. C. Ibáñez del Campo	3
5/10/2020	De Aisén del Gral. C. Ibáñez del Campo	1
5/9/2020	De Aisén del Gral. C. Ibáñez del Campo	3
5/7/2020	De Aisén del Gral. C. Ibáñez del Campo	1
5/3/2020	De Aisén del Gral. C. Ibáñez del Campo	1
4/29/2020	De Aisén del Gral. C. Ibáñez del Campo	1
4/28/2020	De Aisén del Gral. C. Ibáñez del Campo	1
4/26/2020	De Aisén del Gral. C. Ibáñez del Campo	2
4/25/2020	De Aisén del Gral. C. Ibáñez del Campo	2
4/24/2020	De Aisén del Gral. C. Ibáñez del Campo	1
4/22/2020	De Aisén del Gral. C. Ibáñez del Campo	2
4/21/2020	De Aisén del Gral. C. Ibáñez del Campo	1
4/20/2020	De Aisén del Gral. C. Ibáñez del Campo	1
4/19/2020	De Aisén del Gral. C. Ibáñez del Campo	1
4/18/2020	De Aisén del Gral. C. Ibáñez del Campo	2
4/17/2020	De Aisén del Gral. C. Ibáñez del Campo	1
4/16/2020	De Aisén del Gral. C. Ibáñez del Campo	3
4/15/2020	De Aisén del Gral. C. Ibáñez del Campo	1
4/12/2020	De Aisén del Gral. C. Ibáñez del Campo	3
4/11/2020	De Aisén del Gral. C. Ibáñez del Campo	2
4/10/2020	De Aisén del Gral. C. Ibáñez del Campo	1
4/8/2020	De Aisén del Gral. C. Ibáñez del Campo	5
4/7/2020	De Aisén del Gral. C. Ibáñez del Campo	2
4/6/2020	De Aisén del Gral. C. Ibáñez del Campo	1
4/5/2020	De Aisén del Gral. C. Ibáñez del Campo	1
4/4/2020	De Aisén del Gral. C. Ibáñez del Campo	2
4/3/2020	De Aisén del Gral. C. Ibáñez del Campo	2
4/2/2020	De Aisén del Gral. C. Ibáñez del Campo	2
4/1/2020	De Aisén del Gral. C. Ibáñez del Campo	2
3/31/2020	De Aisén del Gral. C. Ibáñez del Campo	4
3/30/2020	De Aisén del Gral. C. Ibáñez del Campo	2
3/29/2020	De Aisén del Gral. C. Ibáñez del Campo	2
3/28/2020	De Aisén del Gral. C. Ibáñez del Campo	2
3/27/2020	De Aisén del Gral. C. Ibáñez del Campo	1
3/26/2020	De Aisén del Gral. C. Ibáñez del Campo	2
3/25/2020	De Aisén del Gral. C. Ibáñez del Campo	2
3/23/2020	De Aisén del Gral. C. Ibáñez del Campo	1
3/22/2020	De Aisén del Gral. C. Ibáñez del Campo	1
3/21/2020	De Aisén del Gral. C. Ibáñez del Campo	3
3/20/2020	De Aisén del Gral. C. Ibáñez del Campo	1
3/19/2020	De Aisén del Gral. C. Ibáñez del Campo	3
3/18/2020	De Aisén del Gral. C. Ibáñez del Campo	5
3/17/2020	De Aisén del Gral. C. Ibáñez del Campo	1
3/15/2020	De Aisén del Gral. C. Ibáñez del Campo	2
3/14/2020	De Aisén del Gral. C. Ibáñez del Campo	1
3/13/2020	De Aisén del Gral. C. Ibáñez del Campo	1
3/11/2020	De Aisén del Gral. C. Ibáñez del Campo	2
3/10/2020	De Aisén del Gral. C. Ibáñez del Campo	3
3/9/2020	De Aisén del Gral. C. Ibáñez del Campo	1
3/8/2020	De Aisén del Gral. C. Ibáñez del Campo	1
3/7/2020	De Aisén del Gral. C. Ibáñez del Campo	4
3/6/2020	De Aisén del Gral. C. Ibáñez del Campo	4
3/4/2020	De Aisén del Gral. C. Ibáñez del Campo	1
3/3/2020	De Aisén del Gral. C. Ibáñez del Campo	1
3/2/2020	De Aisén del Gral. C. Ibáñez del Campo	1
3/1/2020	De Aisén del Gral. C. Ibáñez del Campo	2
2/29/2020	De Aisén del Gral. C. Ibáñez del Campo	1
2/28/2020	De Aisén del Gral. C. Ibáñez del Campo	1
2/26/2020	De Aisén del Gral. C. Ibáñez del Campo	1
2/25/2020	De Aisén del Gral. C. Ibáñez del Campo	1
2/24/2020	De Aisén del Gral. C. Ibáñez del Campo	1
2/20/2020	De Aisén del Gral. C. Ibáñez del Campo	2
2/18/2020	De Aisén del Gral. C. Ibáñez del Campo	1
2/17/2020	De Aisén del Gral. C. Ibáñez del Campo	5
2/15/2020	De Aisén del Gral. C. Ibáñez del Campo	1
2/13/2020	De Aisén del Gral. C. Ibáñez del Campo	1
2/12/2020	De Aisén del Gral. C. Ibáñez del Campo	1
2/11/2020	De Aisén del Gral. C. Ibáñez del Campo	3
2/8/2020	De Aisén del Gral. C. Ibáñez del Campo	4
2/6/2020	De Aisén del Gral. C. Ibáñez del Campo	3
2/5/2020	De Aisén del Gral. C. Ibáñez del Campo	2
2/3/2020	De Aisén del Gral. C. Ibáñez del Campo	1
2/2/2020	De Aisén del Gral. C. Ibáñez del Campo	3
2/1/2020	De Aisén del Gral. C. Ibáñez del Campo	2
1/31/2020	De Aisén del Gral. C. Ibáñez del Campo	2
1/30/2020	De Aisén del Gral. C. Ibáñez del Campo	2
1/29/2020	De Aisén del Gral. C. Ibáñez del Campo	2
1/28/2020	De Aisén del Gral. C. Ibáñez del Campo	1
1/26/2020	De Aisén del Gral. C. Ibáñez del Campo	3
1/25/2020	De Aisén del Gral. C. Ibáñez del Campo	1
1/24/2020	De Aisén del Gral. C. Ibáñez del Campo	1
1/23/2020	De Aisén del Gral. C. Ibáñez del Campo	1
1/22/2020	De Aisén del Gral. C. Ibáñez del Campo	1
1/20/2020	De Aisén del Gral. C. Ibáñez del Campo	1
1/19/2020	De Aisén del Gral. C. Ibáñez del Campo	2
1/18/2020	De Aisén del Gral. C. Ibáñez del Campo	3
1/17/2020	De Aisén del Gral. C. Ibáñez del Campo	2
1/16/2020	De Aisén del Gral. C. Ibáñez del Campo	1
1/15/2020	De Aisén del Gral. C. Ibáñez del Campo	1
1/14/2020	De Aisén del Gral. C. Ibáñez del Campo	1
1/13/2020	De Aisén del Gral. C. Ibáñez del Campo	3
1/11/2020	De Aisén del Gral. C. Ibáñez del Campo	2
1/10/2020	De Aisén del Gral. C. Ibáñez del Campo	1
1/9/2020	De Aisén del Gral. C. Ibáñez del Campo	2
1/8/2020	De Aisén del Gral. C. Ibáñez del Campo	2
1/7/2020	De Aisén del Gral. C. Ibáñez del Campo	3
1/5/2020	De Aisén del Gral. C. Ibáñez del Campo	1
1/4/2020	De Aisén del Gral. C. Ibáñez del Campo	1
1/3/2020	De Aisén del Gral. C. Ibáñez del Campo	1
1/2/2020	De Aisén del Gral. C. Ibáñez del Campo	2
1/1/2020	De Aisén del Gral. C. Ibáñez del Campo	3
7/16/2020	De Antofagasta	3
7/15/2020	De Antofagasta	7
7/14/2020	De Antofagasta	13
7/13/2020	De Antofagasta	14
7/12/2020	De Antofagasta	13
7/11/2020	De Antofagasta	12
7/10/2020	De Antofagasta	14
7/9/2020	De Antofagasta	15
7/8/2020	De Antofagasta	17
7/7/2020	De Antofagasta	24
7/6/2020	De Antofagasta	18
7/5/2020	De Antofagasta	20
7/4/2020	De Antofagasta	18
7/3/2020	De Antofagasta	17
7/2/2020	De Antofagasta	19
7/1/2020	De Antofagasta	12
6/30/2020	De Antofagasta	14
6/29/2020	De Antofagasta	13
6/28/2020	De Antofagasta	18
6/27/2020	De Antofagasta	15
6/26/2020	De Antofagasta	16
6/25/2020	De Antofagasta	18
6/24/2020	De Antofagasta	21
6/23/2020	De Antofagasta	18
6/22/2020	De Antofagasta	18
6/21/2020	De Antofagasta	20
6/20/2020	De Antofagasta	23
6/19/2020	De Antofagasta	18
6/18/2020	De Antofagasta	19
6/17/2020	De Antofagasta	18
6/16/2020	De Antofagasta	19
6/15/2020	De Antofagasta	18
6/14/2020	De Antofagasta	21
6/13/2020	De Antofagasta	9
6/12/2020	De Antofagasta	23
6/11/2020	De Antofagasta	20
6/10/2020	De Antofagasta	14
6/9/2020	De Antofagasta	11
6/8/2020	De Antofagasta	12
6/7/2020	De Antofagasta	24
6/6/2020	De Antofagasta	13
6/5/2020	De Antofagasta	8
6/4/2020	De Antofagasta	14
6/3/2020	De Antofagasta	16
6/2/2020	De Antofagasta	10
6/1/2020	De Antofagasta	10
5/31/2020	De Antofagasta	7
5/30/2020	De Antofagasta	15
5/29/2020	De Antofagasta	7
5/28/2020	De Antofagasta	8
5/27/2020	De Antofagasta	6
5/26/2020	De Antofagasta	11
5/25/2020	De Antofagasta	9
5/24/2020	De Antofagasta	4
5/23/2020	De Antofagasta	16
5/22/2020	De Antofagasta	8
5/21/2020	De Antofagasta	9
5/20/2020	De Antofagasta	9
5/19/2020	De Antofagasta	9
5/18/2020	De Antofagasta	8
5/17/2020	De Antofagasta	15
5/16/2020	De Antofagasta	8
5/15/2020	De Antofagasta	11
5/14/2020	De Antofagasta	8
5/13/2020	De Antofagasta	11
5/12/2020	De Antofagasta	8
5/11/2020	De Antofagasta	9
5/10/2020	De Antofagasta	9
5/9/2020	De Antofagasta	6
5/8/2020	De Antofagasta	11
5/7/2020	De Antofagasta	4
5/6/2020	De Antofagasta	13
5/5/2020	De Antofagasta	13
5/4/2020	De Antofagasta	13
5/3/2020	De Antofagasta	7
5/2/2020	De Antofagasta	9
5/1/2020	De Antofagasta	3
4/30/2020	De Antofagasta	11
4/29/2020	De Antofagasta	17
4/28/2020	De Antofagasta	9
4/27/2020	De Antofagasta	8
4/26/2020	De Antofagasta	7
4/25/2020	De Antofagasta	11
4/24/2020	De Antofagasta	11
4/23/2020	De Antofagasta	8
4/22/2020	De Antofagasta	11
4/21/2020	De Antofagasta	7
4/20/2020	De Antofagasta	4
4/19/2020	De Antofagasta	11
4/18/2020	De Antofagasta	9
4/17/2020	De Antofagasta	11
4/16/2020	De Antofagasta	6
4/15/2020	De Antofagasta	9
4/14/2020	De Antofagasta	7
4/13/2020	De Antofagasta	10
4/12/2020	De Antofagasta	8
4/11/2020	De Antofagasta	10
4/10/2020	De Antofagasta	3
4/9/2020	De Antofagasta	4
4/8/2020	De Antofagasta	3
4/7/2020	De Antofagasta	6
4/6/2020	De Antofagasta	4
4/5/2020	De Antofagasta	9
4/4/2020	De Antofagasta	10
4/3/2020	De Antofagasta	11
4/2/2020	De Antofagasta	2
4/1/2020	De Antofagasta	11
3/31/2020	De Antofagasta	10
3/30/2020	De Antofagasta	13
3/29/2020	De Antofagasta	8
3/28/2020	De Antofagasta	10
3/27/2020	De Antofagasta	11
3/26/2020	De Antofagasta	12
3/25/2020	De Antofagasta	6
3/24/2020	De Antofagasta	8
3/23/2020	De Antofagasta	7
3/22/2020	De Antofagasta	14
3/21/2020	De Antofagasta	4
3/20/2020	De Antofagasta	9
3/19/2020	De Antofagasta	4
3/18/2020	De Antofagasta	4
3/17/2020	De Antofagasta	6
3/16/2020	De Antofagasta	9
3/15/2020	De Antofagasta	6
3/14/2020	De Antofagasta	6
3/13/2020	De Antofagasta	14
3/12/2020	De Antofagasta	4
3/11/2020	De Antofagasta	6
3/10/2020	De Antofagasta	11
3/9/2020	De Antofagasta	8
3/8/2020	De Antofagasta	7
3/7/2020	De Antofagasta	6
3/6/2020	De Antofagasta	10
3/5/2020	De Antofagasta	13
3/4/2020	De Antofagasta	5
3/3/2020	De Antofagasta	10
3/2/2020	De Antofagasta	8
3/1/2020	De Antofagasta	4
2/29/2020	De Antofagasta	10
2/28/2020	De Antofagasta	7
2/27/2020	De Antofagasta	6
2/26/2020	De Antofagasta	8
2/25/2020	De Antofagasta	10
2/24/2020	De Antofagasta	5
2/23/2020	De Antofagasta	12
2/22/2020	De Antofagasta	11
2/21/2020	De Antofagasta	6
2/20/2020	De Antofagasta	8
2/19/2020	De Antofagasta	5
2/18/2020	De Antofagasta	11
2/17/2020	De Antofagasta	7
2/16/2020	De Antofagasta	11
2/15/2020	De Antofagasta	14
2/14/2020	De Antofagasta	12
2/13/2020	De Antofagasta	4
2/12/2020	De Antofagasta	10
2/11/2020	De Antofagasta	8
2/10/2020	De Antofagasta	9
2/9/2020	De Antofagasta	6
2/8/2020	De Antofagasta	7
2/7/2020	De Antofagasta	6
2/6/2020	De Antofagasta	8
2/5/2020	De Antofagasta	9
2/4/2020	De Antofagasta	10
2/3/2020	De Antofagasta	13
2/2/2020	De Antofagasta	14
2/1/2020	De Antofagasta	7
1/31/2020	De Antofagasta	6
1/30/2020	De Antofagasta	5
1/29/2020	De Antofagasta	5
1/28/2020	De Antofagasta	5
1/27/2020	De Antofagasta	7
1/26/2020	De Antofagasta	6
1/25/2020	De Antofagasta	5
1/24/2020	De Antofagasta	8
1/23/2020	De Antofagasta	7
1/22/2020	De Antofagasta	11
1/21/2020	De Antofagasta	12
1/20/2020	De Antofagasta	8
1/19/2020	De Antofagasta	6
1/18/2020	De Antofagasta	8
1/17/2020	De Antofagasta	12
1/16/2020	De Antofagasta	8
1/15/2020	De Antofagasta	8
1/14/2020	De Antofagasta	7
1/13/2020	De Antofagasta	8
1/12/2020	De Antofagasta	8
1/11/2020	De Antofagasta	12
1/10/2020	De Antofagasta	5
1/9/2020	De Antofagasta	7
1/8/2020	De Antofagasta	6
1/7/2020	De Antofagasta	15
1/6/2020	De Antofagasta	6
1/5/2020	De Antofagasta	7
1/4/2020	De Antofagasta	13
1/3/2020	De Antofagasta	2
1/2/2020	De Antofagasta	8
1/1/2020	De Antofagasta	10
7/15/2020	De Arica y Parinacota	1
7/14/2020	De Arica y Parinacota	7
7/13/2020	De Arica y Parinacota	3
7/12/2020	De Arica y Parinacota	8
7/11/2020	De Arica y Parinacota	6
7/10/2020	De Arica y Parinacota	2
7/9/2020	De Arica y Parinacota	5
7/8/2020	De Arica y Parinacota	3
7/7/2020	De Arica y Parinacota	4
7/6/2020	De Arica y Parinacota	4
7/4/2020	De Arica y Parinacota	4
7/3/2020	De Arica y Parinacota	6
7/2/2020	De Arica y Parinacota	3
7/1/2020	De Arica y Parinacota	7
6/30/2020	De Arica y Parinacota	4
6/29/2020	De Arica y Parinacota	4
6/28/2020	De Arica y Parinacota	4
6/27/2020	De Arica y Parinacota	4
6/26/2020	De Arica y Parinacota	3
6/25/2020	De Arica y Parinacota	2
6/24/2020	De Arica y Parinacota	3
6/23/2020	De Arica y Parinacota	7
6/22/2020	De Arica y Parinacota	6
6/21/2020	De Arica y Parinacota	5
6/20/2020	De Arica y Parinacota	5
6/19/2020	De Arica y Parinacota	6
6/18/2020	De Arica y Parinacota	5
6/17/2020	De Arica y Parinacota	5
6/16/2020	De Arica y Parinacota	1
6/15/2020	De Arica y Parinacota	4
6/14/2020	De Arica y Parinacota	4
6/13/2020	De Arica y Parinacota	3
6/12/2020	De Arica y Parinacota	5
6/11/2020	De Arica y Parinacota	3
6/10/2020	De Arica y Parinacota	7
6/9/2020	De Arica y Parinacota	2
6/8/2020	De Arica y Parinacota	4
6/7/2020	De Arica y Parinacota	3
6/6/2020	De Arica y Parinacota	4
6/5/2020	De Arica y Parinacota	8
6/4/2020	De Arica y Parinacota	3
6/3/2020	De Arica y Parinacota	3
6/2/2020	De Arica y Parinacota	5
6/1/2020	De Arica y Parinacota	3
5/31/2020	De Arica y Parinacota	1
5/30/2020	De Arica y Parinacota	2
5/29/2020	De Arica y Parinacota	3
5/28/2020	De Arica y Parinacota	5
5/27/2020	De Arica y Parinacota	5
5/26/2020	De Arica y Parinacota	4
5/25/2020	De Arica y Parinacota	4
5/24/2020	De Arica y Parinacota	2
5/23/2020	De Arica y Parinacota	3
5/22/2020	De Arica y Parinacota	1
5/21/2020	De Arica y Parinacota	5
5/20/2020	De Arica y Parinacota	2
5/19/2020	De Arica y Parinacota	1
5/18/2020	De Arica y Parinacota	7
5/17/2020	De Arica y Parinacota	2
5/16/2020	De Arica y Parinacota	2
5/15/2020	De Arica y Parinacota	1
5/14/2020	De Arica y Parinacota	1
5/13/2020	De Arica y Parinacota	4
5/11/2020	De Arica y Parinacota	2
5/10/2020	De Arica y Parinacota	2
5/9/2020	De Arica y Parinacota	1
5/8/2020	De Arica y Parinacota	6
5/7/2020	De Arica y Parinacota	2
5/6/2020	De Arica y Parinacota	7
5/5/2020	De Arica y Parinacota	3
5/4/2020	De Arica y Parinacota	3
5/3/2020	De Arica y Parinacota	6
5/2/2020	De Arica y Parinacota	5
5/1/2020	De Arica y Parinacota	5
4/30/2020	De Arica y Parinacota	2
4/29/2020	De Arica y Parinacota	1
4/28/2020	De Arica y Parinacota	4
4/27/2020	De Arica y Parinacota	5
4/26/2020	De Arica y Parinacota	1
4/25/2020	De Arica y Parinacota	7
4/24/2020	De Arica y Parinacota	3
4/23/2020	De Arica y Parinacota	8
4/22/2020	De Arica y Parinacota	2
4/21/2020	De Arica y Parinacota	4
4/20/2020	De Arica y Parinacota	5
4/19/2020	De Arica y Parinacota	4
4/18/2020	De Arica y Parinacota	3
4/17/2020	De Arica y Parinacota	4
4/16/2020	De Arica y Parinacota	5
4/15/2020	De Arica y Parinacota	2
4/14/2020	De Arica y Parinacota	1
4/13/2020	De Arica y Parinacota	2
4/12/2020	De Arica y Parinacota	3
4/11/2020	De Arica y Parinacota	6
4/10/2020	De Arica y Parinacota	8
4/9/2020	De Arica y Parinacota	4
4/8/2020	De Arica y Parinacota	1
4/7/2020	De Arica y Parinacota	3
4/6/2020	De Arica y Parinacota	9
4/5/2020	De Arica y Parinacota	6
4/4/2020	De Arica y Parinacota	4
4/3/2020	De Arica y Parinacota	4
4/2/2020	De Arica y Parinacota	2
4/1/2020	De Arica y Parinacota	5
3/31/2020	De Arica y Parinacota	4
3/30/2020	De Arica y Parinacota	4
3/29/2020	De Arica y Parinacota	6
3/28/2020	De Arica y Parinacota	2
3/27/2020	De Arica y Parinacota	7
3/26/2020	De Arica y Parinacota	2
3/25/2020	De Arica y Parinacota	7
3/24/2020	De Arica y Parinacota	2
3/23/2020	De Arica y Parinacota	2
3/22/2020	De Arica y Parinacota	4
3/21/2020	De Arica y Parinacota	4
3/20/2020	De Arica y Parinacota	3
3/19/2020	De Arica y Parinacota	5
3/18/2020	De Arica y Parinacota	6
3/17/2020	De Arica y Parinacota	7
3/16/2020	De Arica y Parinacota	8
3/15/2020	De Arica y Parinacota	6
3/14/2020	De Arica y Parinacota	1
3/13/2020	De Arica y Parinacota	4
3/12/2020	De Arica y Parinacota	5
3/11/2020	De Arica y Parinacota	3
3/10/2020	De Arica y Parinacota	1
3/9/2020	De Arica y Parinacota	4
3/8/2020	De Arica y Parinacota	4
3/7/2020	De Arica y Parinacota	2
3/6/2020	De Arica y Parinacota	1
3/5/2020	De Arica y Parinacota	4
3/4/2020	De Arica y Parinacota	2
3/3/2020	De Arica y Parinacota	6
3/2/2020	De Arica y Parinacota	1
3/1/2020	De Arica y Parinacota	10
2/29/2020	De Arica y Parinacota	3
2/28/2020	De Arica y Parinacota	3
2/27/2020	De Arica y Parinacota	2
2/26/2020	De Arica y Parinacota	2
2/25/2020	De Arica y Parinacota	5
2/24/2020	De Arica y Parinacota	5
2/23/2020	De Arica y Parinacota	4
2/22/2020	De Arica y Parinacota	4
2/21/2020	De Arica y Parinacota	5
2/20/2020	De Arica y Parinacota	4
2/19/2020	De Arica y Parinacota	4
2/18/2020	De Arica y Parinacota	2
2/17/2020	De Arica y Parinacota	6
2/16/2020	De Arica y Parinacota	3
2/15/2020	De Arica y Parinacota	7
2/14/2020	De Arica y Parinacota	4
2/13/2020	De Arica y Parinacota	3
2/12/2020	De Arica y Parinacota	3
2/11/2020	De Arica y Parinacota	5
2/10/2020	De Arica y Parinacota	2
2/9/2020	De Arica y Parinacota	5
2/8/2020	De Arica y Parinacota	1
2/7/2020	De Arica y Parinacota	2
2/6/2020	De Arica y Parinacota	3
2/5/2020	De Arica y Parinacota	7
2/4/2020	De Arica y Parinacota	5
2/3/2020	De Arica y Parinacota	3
2/2/2020	De Arica y Parinacota	4
2/1/2020	De Arica y Parinacota	3
1/31/2020	De Arica y Parinacota	2
1/30/2020	De Arica y Parinacota	8
1/29/2020	De Arica y Parinacota	8
1/28/2020	De Arica y Parinacota	2
1/27/2020	De Arica y Parinacota	2
1/26/2020	De Arica y Parinacota	3
1/25/2020	De Arica y Parinacota	4
1/24/2020	De Arica y Parinacota	7
1/23/2020	De Arica y Parinacota	6
1/22/2020	De Arica y Parinacota	8
1/21/2020	De Arica y Parinacota	6
1/20/2020	De Arica y Parinacota	5
1/19/2020	De Arica y Parinacota	5
1/18/2020	De Arica y Parinacota	6
1/17/2020	De Arica y Parinacota	6
1/16/2020	De Arica y Parinacota	8
1/15/2020	De Arica y Parinacota	3
1/14/2020	De Arica y Parinacota	4
1/13/2020	De Arica y Parinacota	2
1/12/2020	De Arica y Parinacota	3
1/11/2020	De Arica y Parinacota	3
1/10/2020	De Arica y Parinacota	6
1/9/2020	De Arica y Parinacota	7
1/8/2020	De Arica y Parinacota	3
1/7/2020	De Arica y Parinacota	1
1/6/2020	De Arica y Parinacota	1
1/5/2020	De Arica y Parinacota	3
1/4/2020	De Arica y Parinacota	7
1/3/2020	De Arica y Parinacota	4
1/2/2020	De Arica y Parinacota	4
1/1/2020	De Arica y Parinacota	4
7/15/2020	De Atacama	3
7/14/2020	De Atacama	5
7/13/2020	De Atacama	5
7/12/2020	De Atacama	2
7/11/2020	De Atacama	4
7/10/2020	De Atacama	3
7/9/2020	De Atacama	2
7/8/2020	De Atacama	2
7/7/2020	De Atacama	4
7/6/2020	De Atacama	7
7/5/2020	De Atacama	9
7/4/2020	De Atacama	4
7/3/2020	De Atacama	7
7/2/2020	De Atacama	1
7/1/2020	De Atacama	1
6/30/2020	De Atacama	7
6/29/2020	De Atacama	7
6/28/2020	De Atacama	1
6/27/2020	De Atacama	4
6/26/2020	De Atacama	4
6/25/2020	De Atacama	7
6/24/2020	De Atacama	3
6/23/2020	De Atacama	10
6/22/2020	De Atacama	5
6/21/2020	De Atacama	7
6/20/2020	De Atacama	6
6/19/2020	De Atacama	4
6/18/2020	De Atacama	4
6/17/2020	De Atacama	3
6/16/2020	De Atacama	6
6/15/2020	De Atacama	7
6/14/2020	De Atacama	8
6/13/2020	De Atacama	7
6/12/2020	De Atacama	2
6/11/2020	De Atacama	3
6/10/2020	De Atacama	2
6/9/2020	De Atacama	4
6/8/2020	De Atacama	7
6/7/2020	De Atacama	2
6/6/2020	De Atacama	7
6/5/2020	De Atacama	6
6/4/2020	De Atacama	6
6/3/2020	De Atacama	1
6/2/2020	De Atacama	6
6/1/2020	De Atacama	9
5/31/2020	De Atacama	8
5/30/2020	De Atacama	7
5/29/2020	De Atacama	2
5/28/2020	De Atacama	5
5/27/2020	De Atacama	3
5/26/2020	De Atacama	6
5/25/2020	De Atacama	3
5/24/2020	De Atacama	5
5/23/2020	De Atacama	3
5/22/2020	De Atacama	2
5/21/2020	De Atacama	1
5/20/2020	De Atacama	3
5/19/2020	De Atacama	3
5/18/2020	De Atacama	4
5/17/2020	De Atacama	2
5/16/2020	De Atacama	5
5/15/2020	De Atacama	4
5/14/2020	De Atacama	9
5/13/2020	De Atacama	8
5/12/2020	De Atacama	8
5/11/2020	De Atacama	5
5/10/2020	De Atacama	2
5/9/2020	De Atacama	6
5/8/2020	De Atacama	2
5/7/2020	De Atacama	4
5/6/2020	De Atacama	5
5/5/2020	De Atacama	6
5/4/2020	De Atacama	13
5/3/2020	De Atacama	3
5/2/2020	De Atacama	5
5/1/2020	De Atacama	3
4/30/2020	De Atacama	6
4/29/2020	De Atacama	2
4/28/2020	De Atacama	2
4/27/2020	De Atacama	5
4/26/2020	De Atacama	2
4/25/2020	De Atacama	4
4/24/2020	De Atacama	4
4/23/2020	De Atacama	2
4/22/2020	De Atacama	2
4/21/2020	De Atacama	4
4/20/2020	De Atacama	2
4/19/2020	De Atacama	5
4/18/2020	De Atacama	2
4/17/2020	De Atacama	3
4/16/2020	De Atacama	5
4/15/2020	De Atacama	5
4/14/2020	De Atacama	8
4/13/2020	De Atacama	4
4/12/2020	De Atacama	1
4/11/2020	De Atacama	2
4/10/2020	De Atacama	3
4/9/2020	De Atacama	4
4/8/2020	De Atacama	3
4/7/2020	De Atacama	5
4/6/2020	De Atacama	3
4/5/2020	De Atacama	3
4/4/2020	De Atacama	7
4/3/2020	De Atacama	6
4/2/2020	De Atacama	3
4/1/2020	De Atacama	6
3/31/2020	De Atacama	3
3/30/2020	De Atacama	5
3/29/2020	De Atacama	3
3/27/2020	De Atacama	4
3/26/2020	De Atacama	3
3/25/2020	De Atacama	2
3/24/2020	De Atacama	4
3/23/2020	De Atacama	6
3/22/2020	De Atacama	4
3/21/2020	De Atacama	5
3/20/2020	De Atacama	6
3/19/2020	De Atacama	6
3/18/2020	De Atacama	5
3/17/2020	De Atacama	6
3/16/2020	De Atacama	7
3/15/2020	De Atacama	3
3/14/2020	De Atacama	5
3/12/2020	De Atacama	5
3/11/2020	De Atacama	3
3/10/2020	De Atacama	3
3/9/2020	De Atacama	5
3/8/2020	De Atacama	8
3/7/2020	De Atacama	8
3/6/2020	De Atacama	3
3/5/2020	De Atacama	2
3/4/2020	De Atacama	5
3/3/2020	De Atacama	1
3/2/2020	De Atacama	5
3/1/2020	De Atacama	4
2/29/2020	De Atacama	1
2/28/2020	De Atacama	1
2/27/2020	De Atacama	3
2/25/2020	De Atacama	1
2/24/2020	De Atacama	3
2/23/2020	De Atacama	4
2/22/2020	De Atacama	5
2/21/2020	De Atacama	1
2/20/2020	De Atacama	6
2/19/2020	De Atacama	6
2/18/2020	De Atacama	4
2/17/2020	De Atacama	2
2/16/2020	De Atacama	2
2/15/2020	De Atacama	3
2/14/2020	De Atacama	1
2/13/2020	De Atacama	4
2/12/2020	De Atacama	8
2/11/2020	De Atacama	4
2/10/2020	De Atacama	7
2/9/2020	De Atacama	5
2/8/2020	De Atacama	5
2/7/2020	De Atacama	5
2/5/2020	De Atacama	6
2/4/2020	De Atacama	5
2/3/2020	De Atacama	4
2/2/2020	De Atacama	2
2/1/2020	De Atacama	6
1/31/2020	De Atacama	2
1/30/2020	De Atacama	3
1/29/2020	De Atacama	4
1/28/2020	De Atacama	7
1/27/2020	De Atacama	6
1/26/2020	De Atacama	6
1/25/2020	De Atacama	6
1/24/2020	De Atacama	2
1/23/2020	De Atacama	5
1/22/2020	De Atacama	5
1/21/2020	De Atacama	4
1/20/2020	De Atacama	3
1/19/2020	De Atacama	3
1/18/2020	De Atacama	5
1/17/2020	De Atacama	5
1/16/2020	De Atacama	2
1/15/2020	De Atacama	7
1/14/2020	De Atacama	4
1/13/2020	De Atacama	5
1/12/2020	De Atacama	3
1/11/2020	De Atacama	4
1/10/2020	De Atacama	6
1/9/2020	De Atacama	3
1/8/2020	De Atacama	5
1/7/2020	De Atacama	8
1/6/2020	De Atacama	8
1/5/2020	De Atacama	5
1/4/2020	De Atacama	10
1/3/2020	De Atacama	2
1/2/2020	De Atacama	1
1/1/2020	De Atacama	2
7/15/2020	De Coquimbo	4
7/14/2020	De Coquimbo	11
7/13/2020	De Coquimbo	9
7/12/2020	De Coquimbo	15
7/11/2020	De Coquimbo	18
7/10/2020	De Coquimbo	21
7/9/2020	De Coquimbo	14
7/8/2020	De Coquimbo	14
7/7/2020	De Coquimbo	21
7/6/2020	De Coquimbo	16
7/5/2020	De Coquimbo	14
7/4/2020	De Coquimbo	17
7/3/2020	De Coquimbo	14
7/2/2020	De Coquimbo	8
7/1/2020	De Coquimbo	10
6/30/2020	De Coquimbo	15
6/29/2020	De Coquimbo	10
6/28/2020	De Coquimbo	17
6/27/2020	De Coquimbo	9
6/26/2020	De Coquimbo	15
6/25/2020	De Coquimbo	13
6/24/2020	De Coquimbo	19
6/23/2020	De Coquimbo	12
6/22/2020	De Coquimbo	18
6/21/2020	De Coquimbo	10
6/20/2020	De Coquimbo	18
6/19/2020	De Coquimbo	15
6/18/2020	De Coquimbo	4
6/17/2020	De Coquimbo	9
6/16/2020	De Coquimbo	17
6/15/2020	De Coquimbo	14
6/14/2020	De Coquimbo	15
6/13/2020	De Coquimbo	13
6/12/2020	De Coquimbo	14
6/11/2020	De Coquimbo	16
6/10/2020	De Coquimbo	16
6/9/2020	De Coquimbo	21
6/8/2020	De Coquimbo	11
6/7/2020	De Coquimbo	17
6/6/2020	De Coquimbo	17
6/5/2020	De Coquimbo	11
6/4/2020	De Coquimbo	15
6/3/2020	De Coquimbo	22
6/2/2020	De Coquimbo	12
6/1/2020	De Coquimbo	10
5/31/2020	De Coquimbo	15
5/30/2020	De Coquimbo	11
5/29/2020	De Coquimbo	10
5/28/2020	De Coquimbo	12
5/27/2020	De Coquimbo	19
5/26/2020	De Coquimbo	11
5/25/2020	De Coquimbo	11
5/24/2020	De Coquimbo	11
5/23/2020	De Coquimbo	13
5/22/2020	De Coquimbo	17
5/21/2020	De Coquimbo	18
5/20/2020	De Coquimbo	9
5/19/2020	De Coquimbo	8
5/18/2020	De Coquimbo	14
5/17/2020	De Coquimbo	9
5/16/2020	De Coquimbo	14
5/15/2020	De Coquimbo	12
5/14/2020	De Coquimbo	11
5/13/2020	De Coquimbo	13
5/12/2020	De Coquimbo	12
5/11/2020	De Coquimbo	14
5/10/2020	De Coquimbo	7
5/9/2020	De Coquimbo	10
5/8/2020	De Coquimbo	6
5/7/2020	De Coquimbo	15
5/6/2020	De Coquimbo	13
5/5/2020	De Coquimbo	6
5/4/2020	De Coquimbo	7
5/3/2020	De Coquimbo	8
5/2/2020	De Coquimbo	16
5/1/2020	De Coquimbo	17
4/30/2020	De Coquimbo	12
4/29/2020	De Coquimbo	13
4/28/2020	De Coquimbo	26
4/27/2020	De Coquimbo	18
4/26/2020	De Coquimbo	15
4/25/2020	De Coquimbo	11
4/24/2020	De Coquimbo	16
4/23/2020	De Coquimbo	11
4/22/2020	De Coquimbo	12
4/21/2020	De Coquimbo	12
4/20/2020	De Coquimbo	8
4/19/2020	De Coquimbo	10
4/18/2020	De Coquimbo	8
4/17/2020	De Coquimbo	10
4/16/2020	De Coquimbo	13
4/15/2020	De Coquimbo	15
4/14/2020	De Coquimbo	12
4/13/2020	De Coquimbo	12
4/12/2020	De Coquimbo	11
4/11/2020	De Coquimbo	8
4/10/2020	De Coquimbo	15
4/9/2020	De Coquimbo	10
4/8/2020	De Coquimbo	13
4/7/2020	De Coquimbo	9
4/6/2020	De Coquimbo	14
4/5/2020	De Coquimbo	16
4/4/2020	De Coquimbo	11
4/3/2020	De Coquimbo	12
4/2/2020	De Coquimbo	15
4/1/2020	De Coquimbo	9
3/31/2020	De Coquimbo	15
3/30/2020	De Coquimbo	6
3/29/2020	De Coquimbo	17
3/28/2020	De Coquimbo	9
3/27/2020	De Coquimbo	11
3/26/2020	De Coquimbo	8
3/25/2020	De Coquimbo	16
3/24/2020	De Coquimbo	14
3/23/2020	De Coquimbo	14
3/22/2020	De Coquimbo	11
3/21/2020	De Coquimbo	10
3/20/2020	De Coquimbo	14
3/19/2020	De Coquimbo	14
3/18/2020	De Coquimbo	18
3/17/2020	De Coquimbo	7
3/16/2020	De Coquimbo	14
3/15/2020	De Coquimbo	3
3/14/2020	De Coquimbo	14
3/13/2020	De Coquimbo	15
3/12/2020	De Coquimbo	7
3/11/2020	De Coquimbo	9
3/10/2020	De Coquimbo	6
3/9/2020	De Coquimbo	9
3/8/2020	De Coquimbo	16
3/7/2020	De Coquimbo	9
3/6/2020	De Coquimbo	9
3/5/2020	De Coquimbo	11
3/4/2020	De Coquimbo	14
3/3/2020	De Coquimbo	10
3/2/2020	De Coquimbo	16
3/1/2020	De Coquimbo	10
2/29/2020	De Coquimbo	14
2/28/2020	De Coquimbo	8
2/27/2020	De Coquimbo	9
2/26/2020	De Coquimbo	10
2/25/2020	De Coquimbo	9
2/24/2020	De Coquimbo	11
2/23/2020	De Coquimbo	14
2/22/2020	De Coquimbo	10
2/21/2020	De Coquimbo	18
2/20/2020	De Coquimbo	13
2/19/2020	De Coquimbo	11
2/18/2020	De Coquimbo	9
2/17/2020	De Coquimbo	7
2/16/2020	De Coquimbo	15
2/15/2020	De Coquimbo	12
2/14/2020	De Coquimbo	12
2/13/2020	De Coquimbo	6
2/12/2020	De Coquimbo	12
2/11/2020	De Coquimbo	12
2/10/2020	De Coquimbo	4
2/9/2020	De Coquimbo	12
2/8/2020	De Coquimbo	8
2/7/2020	De Coquimbo	7
2/6/2020	De Coquimbo	12
2/5/2020	De Coquimbo	12
2/4/2020	De Coquimbo	17
2/3/2020	De Coquimbo	8
2/2/2020	De Coquimbo	8
2/1/2020	De Coquimbo	18
1/31/2020	De Coquimbo	10
1/30/2020	De Coquimbo	7
1/29/2020	De Coquimbo	12
1/28/2020	De Coquimbo	13
1/27/2020	De Coquimbo	14
1/26/2020	De Coquimbo	16
1/25/2020	De Coquimbo	16
1/24/2020	De Coquimbo	10
1/23/2020	De Coquimbo	17
1/22/2020	De Coquimbo	8
1/21/2020	De Coquimbo	14
1/20/2020	De Coquimbo	15
1/19/2020	De Coquimbo	15
1/18/2020	De Coquimbo	10
1/17/2020	De Coquimbo	13
1/16/2020	De Coquimbo	11
1/15/2020	De Coquimbo	13
1/14/2020	De Coquimbo	16
1/13/2020	De Coquimbo	15
1/12/2020	De Coquimbo	11
1/11/2020	De Coquimbo	17
1/10/2020	De Coquimbo	15
1/9/2020	De Coquimbo	15
1/8/2020	De Coquimbo	11
1/7/2020	De Coquimbo	17
1/6/2020	De Coquimbo	11
1/5/2020	De Coquimbo	11
1/4/2020	De Coquimbo	8
1/3/2020	De Coquimbo	19
1/2/2020	De Coquimbo	9
1/1/2020	De Coquimbo	11
7/15/2020	De La Araucanía	6
7/14/2020	De La Araucanía	21
7/13/2020	De La Araucanía	19
7/12/2020	De La Araucanía	14
7/11/2020	De La Araucanía	17
7/10/2020	De La Araucanía	26
7/9/2020	De La Araucanía	20
7/8/2020	De La Araucanía	14
7/7/2020	De La Araucanía	19
7/6/2020	De La Araucanía	16
7/5/2020	De La Araucanía	10
7/4/2020	De La Araucanía	21
7/3/2020	De La Araucanía	18
7/2/2020	De La Araucanía	15
7/1/2020	De La Araucanía	17
6/30/2020	De La Araucanía	18
6/29/2020	De La Araucanía	24
6/28/2020	De La Araucanía	28
6/27/2020	De La Araucanía	29
6/26/2020	De La Araucanía	24
6/25/2020	De La Araucanía	18
6/24/2020	De La Araucanía	24
6/23/2020	De La Araucanía	22
6/22/2020	De La Araucanía	16
6/21/2020	De La Araucanía	29
6/20/2020	De La Araucanía	19
6/19/2020	De La Araucanía	19
6/18/2020	De La Araucanía	15
6/17/2020	De La Araucanía	23
6/16/2020	De La Araucanía	27
6/15/2020	De La Araucanía	27
6/14/2020	De La Araucanía	19
6/13/2020	De La Araucanía	26
6/12/2020	De La Araucanía	19
6/11/2020	De La Araucanía	21
6/10/2020	De La Araucanía	24
6/9/2020	De La Araucanía	19
6/8/2020	De La Araucanía	21
6/7/2020	De La Araucanía	27
6/6/2020	De La Araucanía	18
6/5/2020	De La Araucanía	16
6/4/2020	De La Araucanía	23
6/3/2020	De La Araucanía	18
6/2/2020	De La Araucanía	22
6/1/2020	De La Araucanía	28
5/31/2020	De La Araucanía	18
5/30/2020	De La Araucanía	21
5/29/2020	De La Araucanía	17
5/28/2020	De La Araucanía	21
5/27/2020	De La Araucanía	22
5/26/2020	De La Araucanía	25
5/25/2020	De La Araucanía	17
5/24/2020	De La Araucanía	21
5/23/2020	De La Araucanía	19
5/22/2020	De La Araucanía	22
5/21/2020	De La Araucanía	15
5/20/2020	De La Araucanía	29
5/19/2020	De La Araucanía	28
5/18/2020	De La Araucanía	15
5/17/2020	De La Araucanía	19
5/16/2020	De La Araucanía	12
5/15/2020	De La Araucanía	18
5/14/2020	De La Araucanía	26
5/13/2020	De La Araucanía	27
5/12/2020	De La Araucanía	18
5/11/2020	De La Araucanía	15
5/10/2020	De La Araucanía	19
5/9/2020	De La Araucanía	14
5/8/2020	De La Araucanía	18
5/7/2020	De La Araucanía	17
5/6/2020	De La Araucanía	12
5/5/2020	De La Araucanía	18
5/4/2020	De La Araucanía	22
5/3/2020	De La Araucanía	13
5/2/2020	De La Araucanía	19
5/1/2020	De La Araucanía	8
4/30/2020	De La Araucanía	17
4/29/2020	De La Araucanía	15
4/28/2020	De La Araucanía	22
4/27/2020	De La Araucanía	20
4/26/2020	De La Araucanía	17
4/25/2020	De La Araucanía	25
4/24/2020	De La Araucanía	26
4/23/2020	De La Araucanía	21
4/22/2020	De La Araucanía	21
4/21/2020	De La Araucanía	11
4/20/2020	De La Araucanía	25
4/19/2020	De La Araucanía	25
4/18/2020	De La Araucanía	24
4/17/2020	De La Araucanía	16
4/16/2020	De La Araucanía	17
4/15/2020	De La Araucanía	22
4/14/2020	De La Araucanía	14
4/13/2020	De La Araucanía	20
4/12/2020	De La Araucanía	23
4/11/2020	De La Araucanía	23
4/10/2020	De La Araucanía	17
4/9/2020	De La Araucanía	23
4/8/2020	De La Araucanía	20
4/7/2020	De La Araucanía	19
4/6/2020	De La Araucanía	21
4/5/2020	De La Araucanía	19
4/4/2020	De La Araucanía	22
4/3/2020	De La Araucanía	24
4/2/2020	De La Araucanía	17
4/1/2020	De La Araucanía	17
3/31/2020	De La Araucanía	22
3/30/2020	De La Araucanía	18
3/29/2020	De La Araucanía	22
3/28/2020	De La Araucanía	12
3/27/2020	De La Araucanía	17
3/26/2020	De La Araucanía	21
3/25/2020	De La Araucanía	19
3/24/2020	De La Araucanía	10
3/23/2020	De La Araucanía	25
3/22/2020	De La Araucanía	19
3/21/2020	De La Araucanía	15
3/20/2020	De La Araucanía	10
3/19/2020	De La Araucanía	19
3/18/2020	De La Araucanía	18
3/17/2020	De La Araucanía	15
3/16/2020	De La Araucanía	23
3/15/2020	De La Araucanía	18
3/14/2020	De La Araucanía	18
3/13/2020	De La Araucanía	17
3/12/2020	De La Araucanía	22
3/11/2020	De La Araucanía	16
3/10/2020	De La Araucanía	13
3/9/2020	De La Araucanía	14
3/8/2020	De La Araucanía	17
3/7/2020	De La Araucanía	18
3/6/2020	De La Araucanía	18
3/5/2020	De La Araucanía	16
3/4/2020	De La Araucanía	10
3/3/2020	De La Araucanía	11
3/2/2020	De La Araucanía	19
3/1/2020	De La Araucanía	22
2/29/2020	De La Araucanía	23
2/28/2020	De La Araucanía	12
2/27/2020	De La Araucanía	16
2/26/2020	De La Araucanía	19
2/25/2020	De La Araucanía	12
2/24/2020	De La Araucanía	7
2/23/2020	De La Araucanía	16
2/22/2020	De La Araucanía	23
2/21/2020	De La Araucanía	17
2/20/2020	De La Araucanía	19
2/19/2020	De La Araucanía	9
2/18/2020	De La Araucanía	15
2/17/2020	De La Araucanía	29
2/16/2020	De La Araucanía	16
2/15/2020	De La Araucanía	16
2/14/2020	De La Araucanía	18
2/13/2020	De La Araucanía	16
2/12/2020	De La Araucanía	15
2/11/2020	De La Araucanía	21
2/10/2020	De La Araucanía	17
2/9/2020	De La Araucanía	25
2/8/2020	De La Araucanía	17
2/7/2020	De La Araucanía	25
2/6/2020	De La Araucanía	23
2/5/2020	De La Araucanía	11
2/4/2020	De La Araucanía	20
2/3/2020	De La Araucanía	18
2/2/2020	De La Araucanía	12
2/1/2020	De La Araucanía	16
1/31/2020	De La Araucanía	19
1/30/2020	De La Araucanía	17
1/29/2020	De La Araucanía	18
1/28/2020	De La Araucanía	17
1/27/2020	De La Araucanía	17
1/26/2020	De La Araucanía	9
1/25/2020	De La Araucanía	18
1/24/2020	De La Araucanía	16
1/23/2020	De La Araucanía	18
1/22/2020	De La Araucanía	20
1/21/2020	De La Araucanía	17
1/20/2020	De La Araucanía	15
1/19/2020	De La Araucanía	15
1/18/2020	De La Araucanía	22
1/17/2020	De La Araucanía	15
1/16/2020	De La Araucanía	23
1/15/2020	De La Araucanía	17
1/14/2020	De La Araucanía	15
1/13/2020	De La Araucanía	19
1/12/2020	De La Araucanía	18
1/11/2020	De La Araucanía	15
1/10/2020	De La Araucanía	15
1/9/2020	De La Araucanía	20
1/8/2020	De La Araucanía	13
1/7/2020	De La Araucanía	17
1/6/2020	De La Araucanía	18
1/5/2020	De La Araucanía	22
1/4/2020	De La Araucanía	20
1/3/2020	De La Araucanía	30
1/2/2020	De La Araucanía	18
1/1/2020	De La Araucanía	18
7/15/2020	De Los Lagos	2
7/14/2020	De Los Lagos	13
7/13/2020	De Los Lagos	21
7/12/2020	De Los Lagos	11
7/11/2020	De Los Lagos	12
7/10/2020	De Los Lagos	11
7/9/2020	De Los Lagos	14
7/8/2020	De Los Lagos	26
7/7/2020	De Los Lagos	12
7/6/2020	De Los Lagos	16
7/5/2020	De Los Lagos	9
7/4/2020	De Los Lagos	19
7/3/2020	De Los Lagos	8
7/2/2020	De Los Lagos	14
7/1/2020	De Los Lagos	9
6/30/2020	De Los Lagos	17
6/29/2020	De Los Lagos	10
6/28/2020	De Los Lagos	16
6/27/2020	De Los Lagos	20
6/26/2020	De Los Lagos	19
6/25/2020	De Los Lagos	18
6/24/2020	De Los Lagos	13
6/23/2020	De Los Lagos	21
6/22/2020	De Los Lagos	15
6/21/2020	De Los Lagos	14
6/20/2020	De Los Lagos	23
6/19/2020	De Los Lagos	13
6/18/2020	De Los Lagos	23
6/17/2020	De Los Lagos	16
6/16/2020	De Los Lagos	23
6/15/2020	De Los Lagos	15
6/14/2020	De Los Lagos	14
6/13/2020	De Los Lagos	12
6/12/2020	De Los Lagos	15
6/11/2020	De Los Lagos	19
6/10/2020	De Los Lagos	16
6/9/2020	De Los Lagos	13
6/8/2020	De Los Lagos	21
6/7/2020	De Los Lagos	18
6/6/2020	De Los Lagos	14
6/5/2020	De Los Lagos	10
6/4/2020	De Los Lagos	15
6/3/2020	De Los Lagos	17
6/2/2020	De Los Lagos	18
6/1/2020	De Los Lagos	16
5/31/2020	De Los Lagos	11
5/30/2020	De Los Lagos	15
5/29/2020	De Los Lagos	11
5/28/2020	De Los Lagos	15
5/27/2020	De Los Lagos	17
5/26/2020	De Los Lagos	11
5/25/2020	De Los Lagos	11
5/24/2020	De Los Lagos	19
5/23/2020	De Los Lagos	11
5/22/2020	De Los Lagos	21
5/21/2020	De Los Lagos	14
5/20/2020	De Los Lagos	10
5/19/2020	De Los Lagos	18
5/18/2020	De Los Lagos	10
5/17/2020	De Los Lagos	14
5/16/2020	De Los Lagos	16
5/15/2020	De Los Lagos	14
5/14/2020	De Los Lagos	15
5/13/2020	De Los Lagos	15
5/12/2020	De Los Lagos	12
5/11/2020	De Los Lagos	9
5/10/2020	De Los Lagos	19
5/9/2020	De Los Lagos	13
5/8/2020	De Los Lagos	18
5/7/2020	De Los Lagos	8
5/6/2020	De Los Lagos	11
5/5/2020	De Los Lagos	21
5/4/2020	De Los Lagos	18
5/3/2020	De Los Lagos	23
5/2/2020	De Los Lagos	10
5/1/2020	De Los Lagos	13
4/30/2020	De Los Lagos	13
4/29/2020	De Los Lagos	17
4/28/2020	De Los Lagos	14
4/27/2020	De Los Lagos	17
4/26/2020	De Los Lagos	14
4/25/2020	De Los Lagos	12
4/24/2020	De Los Lagos	10
4/23/2020	De Los Lagos	10
4/22/2020	De Los Lagos	18
4/21/2020	De Los Lagos	8
4/20/2020	De Los Lagos	13
4/19/2020	De Los Lagos	9
4/18/2020	De Los Lagos	12
4/17/2020	De Los Lagos	15
4/16/2020	De Los Lagos	13
4/15/2020	De Los Lagos	15
4/14/2020	De Los Lagos	19
4/13/2020	De Los Lagos	20
4/12/2020	De Los Lagos	14
4/11/2020	De Los Lagos	18
4/10/2020	De Los Lagos	20
4/9/2020	De Los Lagos	15
4/8/2020	De Los Lagos	13
4/7/2020	De Los Lagos	19
4/6/2020	De Los Lagos	12
4/5/2020	De Los Lagos	16
4/4/2020	De Los Lagos	11
4/3/2020	De Los Lagos	16
4/2/2020	De Los Lagos	12
4/1/2020	De Los Lagos	14
3/31/2020	De Los Lagos	12
3/30/2020	De Los Lagos	16
3/29/2020	De Los Lagos	10
3/28/2020	De Los Lagos	10
3/27/2020	De Los Lagos	16
3/26/2020	De Los Lagos	15
3/25/2020	De Los Lagos	15
3/24/2020	De Los Lagos	11
3/23/2020	De Los Lagos	15
3/22/2020	De Los Lagos	16
3/21/2020	De Los Lagos	12
3/20/2020	De Los Lagos	15
3/19/2020	De Los Lagos	10
3/18/2020	De Los Lagos	19
3/17/2020	De Los Lagos	14
3/16/2020	De Los Lagos	12
3/15/2020	De Los Lagos	9
3/14/2020	De Los Lagos	13
3/13/2020	De Los Lagos	13
3/12/2020	De Los Lagos	9
3/11/2020	De Los Lagos	12
3/10/2020	De Los Lagos	12
3/9/2020	De Los Lagos	14
3/8/2020	De Los Lagos	15
3/7/2020	De Los Lagos	11
3/6/2020	De Los Lagos	11
3/5/2020	De Los Lagos	13
3/4/2020	De Los Lagos	13
3/3/2020	De Los Lagos	12
3/2/2020	De Los Lagos	22
3/1/2020	De Los Lagos	10
2/29/2020	De Los Lagos	12
2/28/2020	De Los Lagos	14
2/27/2020	De Los Lagos	10
2/26/2020	De Los Lagos	15
2/25/2020	De Los Lagos	21
2/24/2020	De Los Lagos	14
2/23/2020	De Los Lagos	16
2/22/2020	De Los Lagos	16
2/21/2020	De Los Lagos	14
2/20/2020	De Los Lagos	13
2/19/2020	De Los Lagos	16
2/18/2020	De Los Lagos	8
2/17/2020	De Los Lagos	13
2/16/2020	De Los Lagos	11
2/15/2020	De Los Lagos	17
2/14/2020	De Los Lagos	11
2/13/2020	De Los Lagos	15
2/12/2020	De Los Lagos	11
2/11/2020	De Los Lagos	18
2/10/2020	De Los Lagos	13
2/9/2020	De Los Lagos	16
2/8/2020	De Los Lagos	20
2/7/2020	De Los Lagos	11
2/6/2020	De Los Lagos	14
2/5/2020	De Los Lagos	14
2/4/2020	De Los Lagos	15
2/3/2020	De Los Lagos	12
2/2/2020	De Los Lagos	14
2/1/2020	De Los Lagos	5
1/31/2020	De Los Lagos	15
1/30/2020	De Los Lagos	12
1/29/2020	De Los Lagos	19
1/28/2020	De Los Lagos	11
1/27/2020	De Los Lagos	14
1/26/2020	De Los Lagos	9
1/25/2020	De Los Lagos	18
1/24/2020	De Los Lagos	10
1/23/2020	De Los Lagos	18
1/22/2020	De Los Lagos	12
1/21/2020	De Los Lagos	12
1/20/2020	De Los Lagos	12
1/19/2020	De Los Lagos	15
1/18/2020	De Los Lagos	12
1/17/2020	De Los Lagos	16
1/16/2020	De Los Lagos	8
1/15/2020	De Los Lagos	14
1/14/2020	De Los Lagos	11
1/13/2020	De Los Lagos	15
1/12/2020	De Los Lagos	13
1/11/2020	De Los Lagos	18
1/10/2020	De Los Lagos	13
1/9/2020	De Los Lagos	12
1/8/2020	De Los Lagos	15
1/7/2020	De Los Lagos	13
1/6/2020	De Los Lagos	19
1/5/2020	De Los Lagos	12
1/4/2020	De Los Lagos	14
1/3/2020	De Los Lagos	14
1/2/2020	De Los Lagos	15
1/1/2020	De Los Lagos	19
7/14/2020	De Los Ríos	8
7/13/2020	De Los Ríos	6
7/12/2020	De Los Ríos	8
7/11/2020	De Los Ríos	5
7/10/2020	De Los Ríos	7
7/9/2020	De Los Ríos	6
7/8/2020	De Los Ríos	11
7/7/2020	De Los Ríos	8
7/6/2020	De Los Ríos	9
7/5/2020	De Los Ríos	6
7/4/2020	De Los Ríos	6
7/3/2020	De Los Ríos	13
7/2/2020	De Los Ríos	11
7/1/2020	De Los Ríos	8
6/30/2020	De Los Ríos	4
6/29/2020	De Los Ríos	7
6/28/2020	De Los Ríos	6
6/27/2020	De Los Ríos	7
6/26/2020	De Los Ríos	7
6/25/2020	De Los Ríos	13
6/24/2020	De Los Ríos	13
6/23/2020	De Los Ríos	12
6/22/2020	De Los Ríos	6
6/21/2020	De Los Ríos	8
6/20/2020	De Los Ríos	8
6/19/2020	De Los Ríos	4
6/18/2020	De Los Ríos	9
6/17/2020	De Los Ríos	8
6/16/2020	De Los Ríos	6
6/15/2020	De Los Ríos	8
6/14/2020	De Los Ríos	5
6/13/2020	De Los Ríos	4
6/12/2020	De Los Ríos	5
6/11/2020	De Los Ríos	10
6/10/2020	De Los Ríos	10
6/9/2020	De Los Ríos	10
6/8/2020	De Los Ríos	8
6/7/2020	De Los Ríos	11
6/6/2020	De Los Ríos	9
6/5/2020	De Los Ríos	5
6/4/2020	De Los Ríos	6
6/3/2020	De Los Ríos	5
6/2/2020	De Los Ríos	12
6/1/2020	De Los Ríos	9
5/31/2020	De Los Ríos	7
5/30/2020	De Los Ríos	6
5/29/2020	De Los Ríos	9
5/28/2020	De Los Ríos	5
5/27/2020	De Los Ríos	9
5/26/2020	De Los Ríos	7
5/25/2020	De Los Ríos	5
5/24/2020	De Los Ríos	11
5/23/2020	De Los Ríos	8
5/22/2020	De Los Ríos	10
5/21/2020	De Los Ríos	7
5/20/2020	De Los Ríos	8
5/19/2020	De Los Ríos	7
5/18/2020	De Los Ríos	5
5/17/2020	De Los Ríos	4
5/16/2020	De Los Ríos	6
5/15/2020	De Los Ríos	6
5/14/2020	De Los Ríos	10
5/13/2020	De Los Ríos	7
5/12/2020	De Los Ríos	5
5/11/2020	De Los Ríos	8
5/10/2020	De Los Ríos	12
5/9/2020	De Los Ríos	9
5/8/2020	De Los Ríos	7
5/7/2020	De Los Ríos	7
5/6/2020	De Los Ríos	8
5/5/2020	De Los Ríos	11
5/4/2020	De Los Ríos	5
5/3/2020	De Los Ríos	8
5/2/2020	De Los Ríos	5
5/1/2020	De Los Ríos	8
4/30/2020	De Los Ríos	8
4/29/2020	De Los Ríos	5
4/28/2020	De Los Ríos	6
4/27/2020	De Los Ríos	9
4/26/2020	De Los Ríos	5
4/25/2020	De Los Ríos	7
4/24/2020	De Los Ríos	5
4/23/2020	De Los Ríos	11
4/22/2020	De Los Ríos	15
4/21/2020	De Los Ríos	8
4/20/2020	De Los Ríos	13
4/19/2020	De Los Ríos	11
4/18/2020	De Los Ríos	5
4/17/2020	De Los Ríos	10
4/16/2020	De Los Ríos	6
4/15/2020	De Los Ríos	4
4/14/2020	De Los Ríos	4
4/13/2020	De Los Ríos	6
4/12/2020	De Los Ríos	3
4/11/2020	De Los Ríos	10
4/10/2020	De Los Ríos	4
4/9/2020	De Los Ríos	6
4/8/2020	De Los Ríos	8
4/7/2020	De Los Ríos	5
4/6/2020	De Los Ríos	5
4/5/2020	De Los Ríos	5
4/4/2020	De Los Ríos	7
4/3/2020	De Los Ríos	4
4/2/2020	De Los Ríos	4
4/1/2020	De Los Ríos	10
3/31/2020	De Los Ríos	7
3/30/2020	De Los Ríos	9
3/29/2020	De Los Ríos	8
3/28/2020	De Los Ríos	5
3/27/2020	De Los Ríos	9
3/26/2020	De Los Ríos	7
3/25/2020	De Los Ríos	5
3/24/2020	De Los Ríos	14
3/23/2020	De Los Ríos	5
3/22/2020	De Los Ríos	8
3/21/2020	De Los Ríos	8
3/20/2020	De Los Ríos	8
3/19/2020	De Los Ríos	7
3/18/2020	De Los Ríos	13
3/17/2020	De Los Ríos	12
3/16/2020	De Los Ríos	7
3/15/2020	De Los Ríos	5
3/14/2020	De Los Ríos	12
3/13/2020	De Los Ríos	4
3/12/2020	De Los Ríos	10
3/11/2020	De Los Ríos	7
3/10/2020	De Los Ríos	8
3/9/2020	De Los Ríos	7
3/8/2020	De Los Ríos	8
3/7/2020	De Los Ríos	7
3/6/2020	De Los Ríos	9
3/5/2020	De Los Ríos	5
3/4/2020	De Los Ríos	8
3/3/2020	De Los Ríos	5
3/2/2020	De Los Ríos	3
3/1/2020	De Los Ríos	7
2/29/2020	De Los Ríos	10
2/28/2020	De Los Ríos	8
2/27/2020	De Los Ríos	6
2/26/2020	De Los Ríos	12
2/25/2020	De Los Ríos	5
2/24/2020	De Los Ríos	5
2/23/2020	De Los Ríos	7
2/22/2020	De Los Ríos	3
2/21/2020	De Los Ríos	7
2/19/2020	De Los Ríos	5
2/18/2020	De Los Ríos	6
2/17/2020	De Los Ríos	8
2/16/2020	De Los Ríos	9
2/15/2020	De Los Ríos	5
2/14/2020	De Los Ríos	2
2/13/2020	De Los Ríos	7
2/12/2020	De Los Ríos	5
2/11/2020	De Los Ríos	8
2/10/2020	De Los Ríos	9
2/9/2020	De Los Ríos	10
2/8/2020	De Los Ríos	5
2/7/2020	De Los Ríos	8
2/6/2020	De Los Ríos	5
2/5/2020	De Los Ríos	6
2/4/2020	De Los Ríos	5
2/3/2020	De Los Ríos	7
2/2/2020	De Los Ríos	6
2/1/2020	De Los Ríos	9
1/31/2020	De Los Ríos	8
1/30/2020	De Los Ríos	5
1/29/2020	De Los Ríos	10
1/28/2020	De Los Ríos	8
1/27/2020	De Los Ríos	6
1/26/2020	De Los Ríos	12
1/25/2020	De Los Ríos	10
1/24/2020	De Los Ríos	6
1/23/2020	De Los Ríos	6
1/22/2020	De Los Ríos	11
1/21/2020	De Los Ríos	13
1/20/2020	De Los Ríos	1
1/19/2020	De Los Ríos	5
1/18/2020	De Los Ríos	7
1/17/2020	De Los Ríos	6
1/16/2020	De Los Ríos	12
1/15/2020	De Los Ríos	5
1/14/2020	De Los Ríos	12
1/13/2020	De Los Ríos	12
1/12/2020	De Los Ríos	4
1/11/2020	De Los Ríos	5
1/10/2020	De Los Ríos	11
1/9/2020	De Los Ríos	7
1/8/2020	De Los Ríos	9
1/7/2020	De Los Ríos	9
1/6/2020	De Los Ríos	6
1/5/2020	De Los Ríos	7
1/4/2020	De Los Ríos	8
1/3/2020	De Los Ríos	10
1/2/2020	De Los Ríos	3
1/1/2020	De Los Ríos	12
7/14/2020	De Magallanes y de La Antártica Chilena	2
7/13/2020	De Magallanes y de La Antártica Chilena	1
7/12/2020	De Magallanes y de La Antártica Chilena	4
7/11/2020	De Magallanes y de La Antártica Chilena	2
7/10/2020	De Magallanes y de La Antártica Chilena	3
7/9/2020	De Magallanes y de La Antártica Chilena	1
7/8/2020	De Magallanes y de La Antártica Chilena	3
7/7/2020	De Magallanes y de La Antártica Chilena	3
7/5/2020	De Magallanes y de La Antártica Chilena	6
7/4/2020	De Magallanes y de La Antártica Chilena	4
7/3/2020	De Magallanes y de La Antártica Chilena	3
7/2/2020	De Magallanes y de La Antártica Chilena	1
6/30/2020	De Magallanes y de La Antártica Chilena	5
6/29/2020	De Magallanes y de La Antártica Chilena	7
6/28/2020	De Magallanes y de La Antártica Chilena	2
6/27/2020	De Magallanes y de La Antártica Chilena	1
6/26/2020	De Magallanes y de La Antártica Chilena	4
6/25/2020	De Magallanes y de La Antártica Chilena	6
6/24/2020	De Magallanes y de La Antártica Chilena	1
6/23/2020	De Magallanes y de La Antártica Chilena	2
6/22/2020	De Magallanes y de La Antártica Chilena	2
6/21/2020	De Magallanes y de La Antártica Chilena	7
6/20/2020	De Magallanes y de La Antártica Chilena	3
6/19/2020	De Magallanes y de La Antártica Chilena	1
6/18/2020	De Magallanes y de La Antártica Chilena	5
6/17/2020	De Magallanes y de La Antártica Chilena	3
6/16/2020	De Magallanes y de La Antártica Chilena	6
6/15/2020	De Magallanes y de La Antártica Chilena	4
6/14/2020	De Magallanes y de La Antártica Chilena	3
6/13/2020	De Magallanes y de La Antártica Chilena	1
6/12/2020	De Magallanes y de La Antártica Chilena	5
6/11/2020	De Magallanes y de La Antártica Chilena	4
6/10/2020	De Magallanes y de La Antártica Chilena	5
6/9/2020	De Magallanes y de La Antártica Chilena	2
6/7/2020	De Magallanes y de La Antártica Chilena	1
6/6/2020	De Magallanes y de La Antártica Chilena	2
6/5/2020	De Magallanes y de La Antártica Chilena	4
6/4/2020	De Magallanes y de La Antártica Chilena	3
6/3/2020	De Magallanes y de La Antártica Chilena	3
6/2/2020	De Magallanes y de La Antártica Chilena	3
6/1/2020	De Magallanes y de La Antártica Chilena	6
5/31/2020	De Magallanes y de La Antártica Chilena	2
5/30/2020	De Magallanes y de La Antártica Chilena	4
5/29/2020	De Magallanes y de La Antártica Chilena	4
5/28/2020	De Magallanes y de La Antártica Chilena	2
5/27/2020	De Magallanes y de La Antártica Chilena	3
5/26/2020	De Magallanes y de La Antártica Chilena	3
5/25/2020	De Magallanes y de La Antártica Chilena	3
5/24/2020	De Magallanes y de La Antártica Chilena	2
5/23/2020	De Magallanes y de La Antártica Chilena	1
5/22/2020	De Magallanes y de La Antártica Chilena	3
5/21/2020	De Magallanes y de La Antártica Chilena	5
5/20/2020	De Magallanes y de La Antártica Chilena	2
5/19/2020	De Magallanes y de La Antártica Chilena	4
5/18/2020	De Magallanes y de La Antártica Chilena	4
5/17/2020	De Magallanes y de La Antártica Chilena	6
5/16/2020	De Magallanes y de La Antártica Chilena	2
5/15/2020	De Magallanes y de La Antártica Chilena	2
5/14/2020	De Magallanes y de La Antártica Chilena	3
5/13/2020	De Magallanes y de La Antártica Chilena	4
5/12/2020	De Magallanes y de La Antártica Chilena	4
5/11/2020	De Magallanes y de La Antártica Chilena	6
5/10/2020	De Magallanes y de La Antártica Chilena	5
5/9/2020	De Magallanes y de La Antártica Chilena	7
5/8/2020	De Magallanes y de La Antártica Chilena	4
5/7/2020	De Magallanes y de La Antártica Chilena	6
5/6/2020	De Magallanes y de La Antártica Chilena	9
5/5/2020	De Magallanes y de La Antártica Chilena	3
5/4/2020	De Magallanes y de La Antártica Chilena	4
5/3/2020	De Magallanes y de La Antártica Chilena	4
5/2/2020	De Magallanes y de La Antártica Chilena	5
5/1/2020	De Magallanes y de La Antártica Chilena	1
4/30/2020	De Magallanes y de La Antártica Chilena	1
4/29/2020	De Magallanes y de La Antártica Chilena	5
4/28/2020	De Magallanes y de La Antártica Chilena	4
4/27/2020	De Magallanes y de La Antártica Chilena	3
4/26/2020	De Magallanes y de La Antártica Chilena	6
4/25/2020	De Magallanes y de La Antártica Chilena	6
4/24/2020	De Magallanes y de La Antártica Chilena	4
4/23/2020	De Magallanes y de La Antártica Chilena	4
4/22/2020	De Magallanes y de La Antártica Chilena	4
4/21/2020	De Magallanes y de La Antártica Chilena	2
4/20/2020	De Magallanes y de La Antártica Chilena	3
4/19/2020	De Magallanes y de La Antártica Chilena	2
4/18/2020	De Magallanes y de La Antártica Chilena	5
4/17/2020	De Magallanes y de La Antártica Chilena	6
4/16/2020	De Magallanes y de La Antártica Chilena	5
4/15/2020	De Magallanes y de La Antártica Chilena	1
4/14/2020	De Magallanes y de La Antártica Chilena	2
4/13/2020	De Magallanes y de La Antártica Chilena	8
4/12/2020	De Magallanes y de La Antártica Chilena	4
4/11/2020	De Magallanes y de La Antártica Chilena	3
4/10/2020	De Magallanes y de La Antártica Chilena	1
4/9/2020	De Magallanes y de La Antártica Chilena	3
4/7/2020	De Magallanes y de La Antártica Chilena	4
4/6/2020	De Magallanes y de La Antártica Chilena	3
4/5/2020	De Magallanes y de La Antártica Chilena	3
4/4/2020	De Magallanes y de La Antártica Chilena	2
4/3/2020	De Magallanes y de La Antártica Chilena	3
4/2/2020	De Magallanes y de La Antártica Chilena	2
4/1/2020	De Magallanes y de La Antártica Chilena	1
3/31/2020	De Magallanes y de La Antártica Chilena	3
3/30/2020	De Magallanes y de La Antártica Chilena	5
3/29/2020	De Magallanes y de La Antártica Chilena	1
3/28/2020	De Magallanes y de La Antártica Chilena	7
3/27/2020	De Magallanes y de La Antártica Chilena	2
3/26/2020	De Magallanes y de La Antártica Chilena	4
3/25/2020	De Magallanes y de La Antártica Chilena	4
3/24/2020	De Magallanes y de La Antártica Chilena	3
3/23/2020	De Magallanes y de La Antártica Chilena	1
3/22/2020	De Magallanes y de La Antártica Chilena	4
3/21/2020	De Magallanes y de La Antártica Chilena	3
3/20/2020	De Magallanes y de La Antártica Chilena	4
3/19/2020	De Magallanes y de La Antártica Chilena	4
3/18/2020	De Magallanes y de La Antártica Chilena	3
3/17/2020	De Magallanes y de La Antártica Chilena	5
3/16/2020	De Magallanes y de La Antártica Chilena	2
3/15/2020	De Magallanes y de La Antártica Chilena	1
3/14/2020	De Magallanes y de La Antártica Chilena	9
3/12/2020	De Magallanes y de La Antártica Chilena	1
3/11/2020	De Magallanes y de La Antártica Chilena	2
3/10/2020	De Magallanes y de La Antártica Chilena	4
3/9/2020	De Magallanes y de La Antártica Chilena	3
3/8/2020	De Magallanes y de La Antártica Chilena	5
3/7/2020	De Magallanes y de La Antártica Chilena	2
3/6/2020	De Magallanes y de La Antártica Chilena	3
3/5/2020	De Magallanes y de La Antártica Chilena	3
3/4/2020	De Magallanes y de La Antártica Chilena	2
3/3/2020	De Magallanes y de La Antártica Chilena	2
3/2/2020	De Magallanes y de La Antártica Chilena	2
3/1/2020	De Magallanes y de La Antártica Chilena	1
2/29/2020	De Magallanes y de La Antártica Chilena	6
2/28/2020	De Magallanes y de La Antártica Chilena	1
2/27/2020	De Magallanes y de La Antártica Chilena	2
2/26/2020	De Magallanes y de La Antártica Chilena	4
2/25/2020	De Magallanes y de La Antártica Chilena	3
2/24/2020	De Magallanes y de La Antártica Chilena	4
2/23/2020	De Magallanes y de La Antártica Chilena	5
2/22/2020	De Magallanes y de La Antártica Chilena	1
2/21/2020	De Magallanes y de La Antártica Chilena	4
2/20/2020	De Magallanes y de La Antártica Chilena	6
2/19/2020	De Magallanes y de La Antártica Chilena	1
2/18/2020	De Magallanes y de La Antártica Chilena	4
2/17/2020	De Magallanes y de La Antártica Chilena	5
2/16/2020	De Magallanes y de La Antártica Chilena	2
2/15/2020	De Magallanes y de La Antártica Chilena	1
2/14/2020	De Magallanes y de La Antártica Chilena	3
2/13/2020	De Magallanes y de La Antártica Chilena	4
2/12/2020	De Magallanes y de La Antártica Chilena	3
2/11/2020	De Magallanes y de La Antártica Chilena	2
2/10/2020	De Magallanes y de La Antártica Chilena	2
2/9/2020	De Magallanes y de La Antártica Chilena	5
2/8/2020	De Magallanes y de La Antártica Chilena	4
2/7/2020	De Magallanes y de La Antártica Chilena	2
2/6/2020	De Magallanes y de La Antártica Chilena	2
2/5/2020	De Magallanes y de La Antártica Chilena	4
2/2/2020	De Magallanes y de La Antártica Chilena	2
2/1/2020	De Magallanes y de La Antártica Chilena	5
1/31/2020	De Magallanes y de La Antártica Chilena	1
1/30/2020	De Magallanes y de La Antártica Chilena	5
1/29/2020	De Magallanes y de La Antártica Chilena	3
1/28/2020	De Magallanes y de La Antártica Chilena	1
1/27/2020	De Magallanes y de La Antártica Chilena	5
1/26/2020	De Magallanes y de La Antártica Chilena	2
1/25/2020	De Magallanes y de La Antártica Chilena	1
1/24/2020	De Magallanes y de La Antártica Chilena	2
1/23/2020	De Magallanes y de La Antártica Chilena	6
1/22/2020	De Magallanes y de La Antártica Chilena	7
1/21/2020	De Magallanes y de La Antártica Chilena	3
1/20/2020	De Magallanes y de La Antártica Chilena	5
1/19/2020	De Magallanes y de La Antártica Chilena	2
1/18/2020	De Magallanes y de La Antártica Chilena	2
1/17/2020	De Magallanes y de La Antártica Chilena	4
1/16/2020	De Magallanes y de La Antártica Chilena	1
1/15/2020	De Magallanes y de La Antártica Chilena	4
1/14/2020	De Magallanes y de La Antártica Chilena	5
1/13/2020	De Magallanes y de La Antártica Chilena	1
1/12/2020	De Magallanes y de La Antártica Chilena	3
1/11/2020	De Magallanes y de La Antártica Chilena	2
1/10/2020	De Magallanes y de La Antártica Chilena	3
1/9/2020	De Magallanes y de La Antártica Chilena	1
1/8/2020	De Magallanes y de La Antártica Chilena	1
1/7/2020	De Magallanes y de La Antártica Chilena	3
1/6/2020	De Magallanes y de La Antártica Chilena	4
1/5/2020	De Magallanes y de La Antártica Chilena	4
1/4/2020	De Magallanes y de La Antártica Chilena	4
1/3/2020	De Magallanes y de La Antártica Chilena	1
1/2/2020	De Magallanes y de La Antártica Chilena	4
1/1/2020	De Magallanes y de La Antártica Chilena	1
7/14/2020	De Ñuble	10
7/13/2020	De Ñuble	15
7/12/2020	De Ñuble	11
7/11/2020	De Ñuble	8
7/10/2020	De Ñuble	8
7/9/2020	De Ñuble	9
7/8/2020	De Ñuble	7
7/7/2020	De Ñuble	12
7/6/2020	De Ñuble	7
7/5/2020	De Ñuble	12
7/4/2020	De Ñuble	8
7/3/2020	De Ñuble	10
7/2/2020	De Ñuble	15
7/1/2020	De Ñuble	11
6/30/2020	De Ñuble	16
6/29/2020	De Ñuble	9
6/28/2020	De Ñuble	9
6/27/2020	De Ñuble	7
6/26/2020	De Ñuble	15
6/25/2020	De Ñuble	19
6/24/2020	De Ñuble	10
6/23/2020	De Ñuble	13
6/22/2020	De Ñuble	2
6/21/2020	De Ñuble	13
6/20/2020	De Ñuble	10
6/19/2020	De Ñuble	9
6/18/2020	De Ñuble	9
6/17/2020	De Ñuble	10
6/16/2020	De Ñuble	15
6/15/2020	De Ñuble	9
6/14/2020	De Ñuble	16
6/13/2020	De Ñuble	11
6/12/2020	De Ñuble	13
6/11/2020	De Ñuble	16
6/10/2020	De Ñuble	15
6/9/2020	De Ñuble	6
6/8/2020	De Ñuble	10
6/7/2020	De Ñuble	9
6/6/2020	De Ñuble	10
6/5/2020	De Ñuble	13
6/4/2020	De Ñuble	8
6/3/2020	De Ñuble	16
6/2/2020	De Ñuble	7
6/1/2020	De Ñuble	17
5/31/2020	De Ñuble	15
5/30/2020	De Ñuble	9
5/29/2020	De Ñuble	5
5/28/2020	De Ñuble	10
5/27/2020	De Ñuble	12
5/26/2020	De Ñuble	13
5/25/2020	De Ñuble	11
5/24/2020	De Ñuble	7
5/23/2020	De Ñuble	7
5/22/2020	De Ñuble	5
5/21/2020	De Ñuble	9
5/20/2020	De Ñuble	12
5/19/2020	De Ñuble	10
5/18/2020	De Ñuble	9
5/17/2020	De Ñuble	11
5/16/2020	De Ñuble	14
5/15/2020	De Ñuble	16
5/14/2020	De Ñuble	8
5/13/2020	De Ñuble	7
5/12/2020	De Ñuble	10
5/11/2020	De Ñuble	7
5/10/2020	De Ñuble	6
5/9/2020	De Ñuble	5
5/8/2020	De Ñuble	8
5/7/2020	De Ñuble	12
5/6/2020	De Ñuble	8
5/5/2020	De Ñuble	12
5/4/2020	De Ñuble	11
5/3/2020	De Ñuble	6
5/2/2020	De Ñuble	5
5/1/2020	De Ñuble	14
4/30/2020	De Ñuble	15
4/29/2020	De Ñuble	10
4/28/2020	De Ñuble	10
4/27/2020	De Ñuble	8
4/26/2020	De Ñuble	9
4/25/2020	De Ñuble	11
4/24/2020	De Ñuble	9
4/23/2020	De Ñuble	7
4/22/2020	De Ñuble	17
4/21/2020	De Ñuble	9
4/20/2020	De Ñuble	12
4/19/2020	De Ñuble	11
4/18/2020	De Ñuble	9
4/17/2020	De Ñuble	8
4/16/2020	De Ñuble	11
4/15/2020	De Ñuble	10
4/14/2020	De Ñuble	9
4/13/2020	De Ñuble	8
4/12/2020	De Ñuble	8
4/11/2020	De Ñuble	9
4/10/2020	De Ñuble	14
4/9/2020	De Ñuble	5
4/8/2020	De Ñuble	7
4/7/2020	De Ñuble	13
4/6/2020	De Ñuble	8
4/5/2020	De Ñuble	7
4/4/2020	De Ñuble	4
4/3/2020	De Ñuble	9
4/2/2020	De Ñuble	15
4/1/2020	De Ñuble	8
3/31/2020	De Ñuble	10
3/30/2020	De Ñuble	12
3/29/2020	De Ñuble	14
3/28/2020	De Ñuble	13
3/27/2020	De Ñuble	12
3/26/2020	De Ñuble	11
3/25/2020	De Ñuble	9
3/24/2020	De Ñuble	12
3/23/2020	De Ñuble	6
3/22/2020	De Ñuble	9
3/21/2020	De Ñuble	6
3/20/2020	De Ñuble	7
3/19/2020	De Ñuble	11
3/18/2020	De Ñuble	11
3/17/2020	De Ñuble	15
3/16/2020	De Ñuble	13
3/15/2020	De Ñuble	10
3/14/2020	De Ñuble	9
3/13/2020	De Ñuble	8
3/12/2020	De Ñuble	9
3/11/2020	De Ñuble	5
3/10/2020	De Ñuble	12
3/9/2020	De Ñuble	8
3/8/2020	De Ñuble	10
3/7/2020	De Ñuble	8
3/6/2020	De Ñuble	8
3/5/2020	De Ñuble	9
3/4/2020	De Ñuble	6
3/3/2020	De Ñuble	10
3/2/2020	De Ñuble	5
3/1/2020	De Ñuble	13
2/29/2020	De Ñuble	9
2/28/2020	De Ñuble	6
2/27/2020	De Ñuble	8
2/26/2020	De Ñuble	15
2/25/2020	De Ñuble	5
2/24/2020	De Ñuble	10
2/23/2020	De Ñuble	8
2/22/2020	De Ñuble	9
2/21/2020	De Ñuble	7
2/20/2020	De Ñuble	5
2/19/2020	De Ñuble	11
2/18/2020	De Ñuble	8
2/17/2020	De Ñuble	8
2/16/2020	De Ñuble	8
2/15/2020	De Ñuble	8
2/14/2020	De Ñuble	7
2/13/2020	De Ñuble	5
2/12/2020	De Ñuble	4
2/11/2020	De Ñuble	6
2/10/2020	De Ñuble	12
2/9/2020	De Ñuble	15
2/8/2020	De Ñuble	9
2/7/2020	De Ñuble	12
2/6/2020	De Ñuble	8
2/5/2020	De Ñuble	6
2/4/2020	De Ñuble	8
2/3/2020	De Ñuble	7
2/2/2020	De Ñuble	6
2/1/2020	De Ñuble	11
1/31/2020	De Ñuble	6
1/30/2020	De Ñuble	13
1/29/2020	De Ñuble	8
1/28/2020	De Ñuble	8
1/27/2020	De Ñuble	15
1/26/2020	De Ñuble	6
1/25/2020	De Ñuble	9
1/24/2020	De Ñuble	10
1/23/2020	De Ñuble	6
1/22/2020	De Ñuble	6
1/21/2020	De Ñuble	13
1/20/2020	De Ñuble	7
1/19/2020	De Ñuble	8
1/18/2020	De Ñuble	9
1/17/2020	De Ñuble	11
1/16/2020	De Ñuble	6
1/15/2020	De Ñuble	7
1/14/2020	De Ñuble	9
1/13/2020	De Ñuble	12
1/12/2020	De Ñuble	11
1/11/2020	De Ñuble	6
1/10/2020	De Ñuble	9
1/9/2020	De Ñuble	11
1/8/2020	De Ñuble	12
1/7/2020	De Ñuble	6
1/6/2020	De Ñuble	8
1/5/2020	De Ñuble	7
1/4/2020	De Ñuble	11
1/3/2020	De Ñuble	7
1/2/2020	De Ñuble	13
1/1/2020	De Ñuble	7
7/14/2020	De Tarapacá	2
7/13/2020	De Tarapacá	5
7/12/2020	De Tarapacá	5
7/11/2020	De Tarapacá	6
7/10/2020	De Tarapacá	3
7/9/2020	De Tarapacá	6
7/8/2020	De Tarapacá	8
7/7/2020	De Tarapacá	3
7/6/2020	De Tarapacá	3
7/5/2020	De Tarapacá	6
7/4/2020	De Tarapacá	1
7/3/2020	De Tarapacá	8
7/2/2020	De Tarapacá	10
7/1/2020	De Tarapacá	1
6/30/2020	De Tarapacá	3
6/28/2020	De Tarapacá	6
6/27/2020	De Tarapacá	4
6/26/2020	De Tarapacá	6
6/25/2020	De Tarapacá	10
6/24/2020	De Tarapacá	5
6/23/2020	De Tarapacá	3
6/22/2020	De Tarapacá	9
6/21/2020	De Tarapacá	7
6/20/2020	De Tarapacá	10
6/19/2020	De Tarapacá	4
6/18/2020	De Tarapacá	11
6/17/2020	De Tarapacá	10
6/16/2020	De Tarapacá	6
6/15/2020	De Tarapacá	7
6/14/2020	De Tarapacá	9
6/13/2020	De Tarapacá	8
6/12/2020	De Tarapacá	10
6/11/2020	De Tarapacá	7
6/10/2020	De Tarapacá	7
6/9/2020	De Tarapacá	8
6/8/2020	De Tarapacá	6
6/7/2020	De Tarapacá	7
6/6/2020	De Tarapacá	10
6/5/2020	De Tarapacá	8
6/4/2020	De Tarapacá	9
6/3/2020	De Tarapacá	11
6/2/2020	De Tarapacá	7
6/1/2020	De Tarapacá	7
5/31/2020	De Tarapacá	4
5/30/2020	De Tarapacá	8
5/29/2020	De Tarapacá	13
5/28/2020	De Tarapacá	5
5/27/2020	De Tarapacá	7
5/26/2020	De Tarapacá	7
5/25/2020	De Tarapacá	5
5/24/2020	De Tarapacá	8
5/23/2020	De Tarapacá	4
5/22/2020	De Tarapacá	8
5/21/2020	De Tarapacá	5
5/20/2020	De Tarapacá	5
5/19/2020	De Tarapacá	6
5/18/2020	De Tarapacá	3
5/17/2020	De Tarapacá	6
5/16/2020	De Tarapacá	5
5/15/2020	De Tarapacá	5
5/14/2020	De Tarapacá	7
5/13/2020	De Tarapacá	5
5/12/2020	De Tarapacá	1
5/11/2020	De Tarapacá	2
5/10/2020	De Tarapacá	5
5/9/2020	De Tarapacá	4
5/8/2020	De Tarapacá	3
5/7/2020	De Tarapacá	2
5/6/2020	De Tarapacá	9
5/5/2020	De Tarapacá	6
5/4/2020	De Tarapacá	4
5/3/2020	De Tarapacá	2
5/2/2020	De Tarapacá	6
5/1/2020	De Tarapacá	8
4/30/2020	De Tarapacá	7
4/29/2020	De Tarapacá	5
4/28/2020	De Tarapacá	8
4/27/2020	De Tarapacá	8
4/26/2020	De Tarapacá	6
4/25/2020	De Tarapacá	4
4/24/2020	De Tarapacá	4
4/23/2020	De Tarapacá	3
4/22/2020	De Tarapacá	2
4/21/2020	De Tarapacá	1
4/20/2020	De Tarapacá	2
4/19/2020	De Tarapacá	3
4/18/2020	De Tarapacá	1
4/17/2020	De Tarapacá	2
4/16/2020	De Tarapacá	3
4/15/2020	De Tarapacá	3
4/14/2020	De Tarapacá	6
4/13/2020	De Tarapacá	4
4/12/2020	De Tarapacá	4
4/11/2020	De Tarapacá	1
4/10/2020	De Tarapacá	4
4/9/2020	De Tarapacá	6
4/8/2020	De Tarapacá	4
4/7/2020	De Tarapacá	1
4/6/2020	De Tarapacá	4
4/5/2020	De Tarapacá	2
4/4/2020	De Tarapacá	3
4/3/2020	De Tarapacá	8
4/2/2020	De Tarapacá	4
4/1/2020	De Tarapacá	7
3/31/2020	De Tarapacá	1
3/30/2020	De Tarapacá	3
3/29/2020	De Tarapacá	2
3/28/2020	De Tarapacá	7
3/27/2020	De Tarapacá	3
3/26/2020	De Tarapacá	1
3/25/2020	De Tarapacá	7
3/24/2020	De Tarapacá	5
3/23/2020	De Tarapacá	7
3/22/2020	De Tarapacá	2
3/21/2020	De Tarapacá	2
3/20/2020	De Tarapacá	4
3/19/2020	De Tarapacá	5
3/18/2020	De Tarapacá	3
3/17/2020	De Tarapacá	4
3/16/2020	De Tarapacá	6
3/15/2020	De Tarapacá	7
3/14/2020	De Tarapacá	5
3/13/2020	De Tarapacá	6
3/12/2020	De Tarapacá	6
3/11/2020	De Tarapacá	8
3/10/2020	De Tarapacá	3
3/9/2020	De Tarapacá	4
3/8/2020	De Tarapacá	4
3/7/2020	De Tarapacá	3
3/6/2020	De Tarapacá	7
3/5/2020	De Tarapacá	6
3/4/2020	De Tarapacá	2
3/3/2020	De Tarapacá	4
3/2/2020	De Tarapacá	6
3/1/2020	De Tarapacá	6
2/29/2020	De Tarapacá	6
2/28/2020	De Tarapacá	3
2/27/2020	De Tarapacá	3
2/26/2020	De Tarapacá	5
2/25/2020	De Tarapacá	4
2/24/2020	De Tarapacá	7
2/23/2020	De Tarapacá	6
2/22/2020	De Tarapacá	3
2/21/2020	De Tarapacá	4
2/20/2020	De Tarapacá	5
2/19/2020	De Tarapacá	5
2/18/2020	De Tarapacá	5
2/17/2020	De Tarapacá	5
2/16/2020	De Tarapacá	4
2/15/2020	De Tarapacá	4
2/14/2020	De Tarapacá	3
2/13/2020	De Tarapacá	3
2/12/2020	De Tarapacá	3
2/11/2020	De Tarapacá	4
2/10/2020	De Tarapacá	4
2/9/2020	De Tarapacá	3
2/8/2020	De Tarapacá	5
2/7/2020	De Tarapacá	1
2/6/2020	De Tarapacá	2
2/5/2020	De Tarapacá	1
2/4/2020	De Tarapacá	5
2/3/2020	De Tarapacá	6
2/2/2020	De Tarapacá	1
2/1/2020	De Tarapacá	8
1/31/2020	De Tarapacá	1
1/30/2020	De Tarapacá	6
1/29/2020	De Tarapacá	2
1/28/2020	De Tarapacá	5
1/27/2020	De Tarapacá	5
1/26/2020	De Tarapacá	6
1/25/2020	De Tarapacá	3
1/24/2020	De Tarapacá	7
1/23/2020	De Tarapacá	7
1/22/2020	De Tarapacá	2
1/21/2020	De Tarapacá	2
1/20/2020	De Tarapacá	5
1/19/2020	De Tarapacá	4
1/18/2020	De Tarapacá	4
1/17/2020	De Tarapacá	5
1/16/2020	De Tarapacá	3
1/15/2020	De Tarapacá	4
1/14/2020	De Tarapacá	4
1/13/2020	De Tarapacá	5
1/12/2020	De Tarapacá	2
1/11/2020	De Tarapacá	5
1/10/2020	De Tarapacá	1
1/9/2020	De Tarapacá	6
1/8/2020	De Tarapacá	5
1/7/2020	De Tarapacá	6
1/6/2020	De Tarapacá	8
1/5/2020	De Tarapacá	4
1/4/2020	De Tarapacá	5
1/3/2020	De Tarapacá	2
1/2/2020	De Tarapacá	6
1/1/2020	De Tarapacá	6
7/16/2020	De Valparaíso	1
7/15/2020	De Valparaíso	12
7/14/2020	De Valparaíso	44
7/13/2020	De Valparaíso	42
7/12/2020	De Valparaíso	45
7/11/2020	De Valparaíso	33
7/10/2020	De Valparaíso	41
7/9/2020	De Valparaíso	63
7/8/2020	De Valparaíso	51
7/7/2020	De Valparaíso	40
7/6/2020	De Valparaíso	48
7/5/2020	De Valparaíso	43
7/4/2020	De Valparaíso	40
7/3/2020	De Valparaíso	57
7/2/2020	De Valparaíso	51
7/1/2020	De Valparaíso	39
6/30/2020	De Valparaíso	47
6/29/2020	De Valparaíso	55
6/28/2020	De Valparaíso	57
6/27/2020	De Valparaíso	44
6/26/2020	De Valparaíso	48
6/25/2020	De Valparaíso	50
6/24/2020	De Valparaíso	51
6/23/2020	De Valparaíso	50
6/22/2020	De Valparaíso	58
6/21/2020	De Valparaíso	48
6/20/2020	De Valparaíso	40
6/19/2020	De Valparaíso	52
6/18/2020	De Valparaíso	41
6/17/2020	De Valparaíso	46
6/16/2020	De Valparaíso	40
6/15/2020	De Valparaíso	44
6/14/2020	De Valparaíso	57
6/13/2020	De Valparaíso	48
6/12/2020	De Valparaíso	46
6/11/2020	De Valparaíso	50
6/10/2020	De Valparaíso	49
6/9/2020	De Valparaíso	50
6/8/2020	De Valparaíso	38
6/7/2020	De Valparaíso	55
6/6/2020	De Valparaíso	44
6/5/2020	De Valparaíso	64
6/4/2020	De Valparaíso	41
6/3/2020	De Valparaíso	57
6/2/2020	De Valparaíso	39
6/1/2020	De Valparaíso	39
5/31/2020	De Valparaíso	31
5/30/2020	De Valparaíso	34
5/29/2020	De Valparaíso	46
5/28/2020	De Valparaíso	43
5/27/2020	De Valparaíso	42
5/26/2020	De Valparaíso	38
5/25/2020	De Valparaíso	52
5/24/2020	De Valparaíso	45
5/23/2020	De Valparaíso	38
5/22/2020	De Valparaíso	45
5/21/2020	De Valparaíso	29
5/20/2020	De Valparaíso	38
5/19/2020	De Valparaíso	43
5/18/2020	De Valparaíso	41
5/17/2020	De Valparaíso	44
5/16/2020	De Valparaíso	41
5/15/2020	De Valparaíso	42
5/14/2020	De Valparaíso	43
5/13/2020	De Valparaíso	40
5/12/2020	De Valparaíso	15
5/11/2020	De Valparaíso	45
5/10/2020	De Valparaíso	49
5/9/2020	De Valparaíso	40
5/8/2020	De Valparaíso	54
5/7/2020	De Valparaíso	43
5/6/2020	De Valparaíso	38
5/5/2020	De Valparaíso	41
5/4/2020	De Valparaíso	42
5/3/2020	De Valparaíso	42
5/2/2020	De Valparaíso	35
5/1/2020	De Valparaíso	34
4/30/2020	De Valparaíso	47
4/29/2020	De Valparaíso	28
4/28/2020	De Valparaíso	31
4/27/2020	De Valparaíso	36
4/26/2020	De Valparaíso	42
4/25/2020	De Valparaíso	36
4/24/2020	De Valparaíso	30
4/23/2020	De Valparaíso	39
4/22/2020	De Valparaíso	35
4/21/2020	De Valparaíso	35
4/20/2020	De Valparaíso	44
4/19/2020	De Valparaíso	48
4/18/2020	De Valparaíso	33
4/17/2020	De Valparaíso	33
4/16/2020	De Valparaíso	33
4/15/2020	De Valparaíso	44
4/14/2020	De Valparaíso	49
4/13/2020	De Valparaíso	35
4/12/2020	De Valparaíso	26
4/11/2020	De Valparaíso	37
4/10/2020	De Valparaíso	36
4/9/2020	De Valparaíso	35
4/8/2020	De Valparaíso	39
4/7/2020	De Valparaíso	34
4/6/2020	De Valparaíso	35
4/5/2020	De Valparaíso	29
4/4/2020	De Valparaíso	40
4/3/2020	De Valparaíso	34
4/2/2020	De Valparaíso	34
4/1/2020	De Valparaíso	39
3/31/2020	De Valparaíso	29
3/30/2020	De Valparaíso	32
3/29/2020	De Valparaíso	31
3/28/2020	De Valparaíso	42
3/27/2020	De Valparaíso	39
3/26/2020	De Valparaíso	35
3/25/2020	De Valparaíso	42
3/24/2020	De Valparaíso	36
3/23/2020	De Valparaíso	37
3/22/2020	De Valparaíso	42
3/21/2020	De Valparaíso	33
3/20/2020	De Valparaíso	21
3/19/2020	De Valparaíso	37
3/18/2020	De Valparaíso	38
3/17/2020	De Valparaíso	34
3/16/2020	De Valparaíso	25
3/15/2020	De Valparaíso	38
3/14/2020	De Valparaíso	34
3/13/2020	De Valparaíso	28
3/12/2020	De Valparaíso	33
3/11/2020	De Valparaíso	36
3/10/2020	De Valparaíso	36
3/9/2020	De Valparaíso	26
3/8/2020	De Valparaíso	43
3/7/2020	De Valparaíso	30
3/6/2020	De Valparaíso	32
3/5/2020	De Valparaíso	22
3/4/2020	De Valparaíso	43
3/3/2020	De Valparaíso	23
3/2/2020	De Valparaíso	34
3/1/2020	De Valparaíso	34
2/29/2020	De Valparaíso	30
2/28/2020	De Valparaíso	36
2/27/2020	De Valparaíso	39
2/26/2020	De Valparaíso	27
2/25/2020	De Valparaíso	29
2/24/2020	De Valparaíso	36
2/23/2020	De Valparaíso	22
2/22/2020	De Valparaíso	32
2/21/2020	De Valparaíso	29
2/20/2020	De Valparaíso	33
2/19/2020	De Valparaíso	31
2/18/2020	De Valparaíso	35
2/17/2020	De Valparaíso	29
2/16/2020	De Valparaíso	45
2/15/2020	De Valparaíso	28
2/14/2020	De Valparaíso	37
2/13/2020	De Valparaíso	41
2/12/2020	De Valparaíso	33
2/11/2020	De Valparaíso	32
2/10/2020	De Valparaíso	41
2/9/2020	De Valparaíso	39
2/8/2020	De Valparaíso	42
2/7/2020	De Valparaíso	37
2/6/2020	De Valparaíso	35
2/5/2020	De Valparaíso	31
2/4/2020	De Valparaíso	28
2/3/2020	De Valparaíso	35
2/2/2020	De Valparaíso	37
2/1/2020	De Valparaíso	31
1/31/2020	De Valparaíso	28
1/30/2020	De Valparaíso	29
1/29/2020	De Valparaíso	31
1/28/2020	De Valparaíso	34
1/27/2020	De Valparaíso	37
1/26/2020	De Valparaíso	32
1/25/2020	De Valparaíso	32
1/24/2020	De Valparaíso	36
1/23/2020	De Valparaíso	28
1/22/2020	De Valparaíso	27
1/21/2020	De Valparaíso	24
1/20/2020	De Valparaíso	20
1/19/2020	De Valparaíso	36
1/18/2020	De Valparaíso	33
1/17/2020	De Valparaíso	31
1/16/2020	De Valparaíso	26
1/15/2020	De Valparaíso	43
1/14/2020	De Valparaíso	26
1/13/2020	De Valparaíso	46
1/12/2020	De Valparaíso	32
1/11/2020	De Valparaíso	34
1/10/2020	De Valparaíso	40
1/9/2020	De Valparaíso	33
1/8/2020	De Valparaíso	30
1/7/2020	De Valparaíso	31
1/6/2020	De Valparaíso	41
1/5/2020	De Valparaíso	39
1/4/2020	De Valparaíso	30
1/3/2020	De Valparaíso	31
1/2/2020	De Valparaíso	37
1/1/2020	De Valparaíso	36
7/16/2020	Del Bíobío	1
7/15/2020	Del Bíobío	10
7/14/2020	Del Bíobío	25
7/13/2020	Del Bíobío	29
7/12/2020	Del Bíobío	33
7/11/2020	Del Bíobío	30
7/10/2020	Del Bíobío	35
7/9/2020	Del Bíobío	26
7/8/2020	Del Bíobío	24
7/7/2020	Del Bíobío	28
7/6/2020	Del Bíobío	28
7/5/2020	Del Bíobío	36
7/4/2020	Del Bíobío	20
7/3/2020	Del Bíobío	34
7/2/2020	Del Bíobío	28
7/1/2020	Del Bíobío	27
6/30/2020	Del Bíobío	31
6/29/2020	Del Bíobío	35
6/28/2020	Del Bíobío	36
6/27/2020	Del Bíobío	30
6/26/2020	Del Bíobío	30
6/25/2020	Del Bíobío	36
6/24/2020	Del Bíobío	43
6/23/2020	Del Bíobío	29
6/22/2020	Del Bíobío	36
6/21/2020	Del Bíobío	33
6/20/2020	Del Bíobío	25
6/19/2020	Del Bíobío	21
6/18/2020	Del Bíobío	35
6/17/2020	Del Bíobío	25
6/16/2020	Del Bíobío	26
6/15/2020	Del Bíobío	27
6/14/2020	Del Bíobío	31
6/13/2020	Del Bíobío	30
6/12/2020	Del Bíobío	29
6/11/2020	Del Bíobío	31
6/10/2020	Del Bíobío	35
6/9/2020	Del Bíobío	30
6/8/2020	Del Bíobío	25
6/7/2020	Del Bíobío	31
6/6/2020	Del Bíobío	26
6/5/2020	Del Bíobío	26
6/4/2020	Del Bíobío	23
6/3/2020	Del Bíobío	16
6/2/2020	Del Bíobío	35
6/1/2020	Del Bíobío	24
5/31/2020	Del Bíobío	32
5/30/2020	Del Bíobío	28
5/29/2020	Del Bíobío	23
5/28/2020	Del Bíobío	20
5/27/2020	Del Bíobío	32
5/26/2020	Del Bíobío	24
5/25/2020	Del Bíobío	38
5/24/2020	Del Bíobío	26
5/23/2020	Del Bíobío	22
5/22/2020	Del Bíobío	19
5/21/2020	Del Bíobío	21
5/20/2020	Del Bíobío	23
5/19/2020	Del Bíobío	30
5/18/2020	Del Bíobío	27
5/17/2020	Del Bíobío	22
5/16/2020	Del Bíobío	26
5/15/2020	Del Bíobío	33
5/14/2020	Del Bíobío	26
5/13/2020	Del Bíobío	31
5/12/2020	Del Bíobío	30
5/11/2020	Del Bíobío	19
5/10/2020	Del Bíobío	34
5/9/2020	Del Bíobío	27
5/8/2020	Del Bíobío	25
5/7/2020	Del Bíobío	30
5/6/2020	Del Bíobío	23
5/5/2020	Del Bíobío	38
5/4/2020	Del Bíobío	26
5/3/2020	Del Bíobío	29
5/2/2020	Del Bíobío	21
5/1/2020	Del Bíobío	30
4/30/2020	Del Bíobío	35
4/29/2020	Del Bíobío	21
4/28/2020	Del Bíobío	23
4/27/2020	Del Bíobío	35
4/26/2020	Del Bíobío	29
4/25/2020	Del Bíobío	28
4/24/2020	Del Bíobío	23
4/23/2020	Del Bíobío	26
4/22/2020	Del Bíobío	24
4/21/2020	Del Bíobío	27
4/20/2020	Del Bíobío	30
4/19/2020	Del Bíobío	22
4/18/2020	Del Bíobío	33
4/17/2020	Del Bíobío	26
4/16/2020	Del Bíobío	29
4/15/2020	Del Bíobío	25
4/14/2020	Del Bíobío	25
4/13/2020	Del Bíobío	36
4/12/2020	Del Bíobío	23
4/11/2020	Del Bíobío	30
4/10/2020	Del Bíobío	26
4/9/2020	Del Bíobío	21
4/8/2020	Del Bíobío	25
4/7/2020	Del Bíobío	29
4/6/2020	Del Bíobío	29
4/5/2020	Del Bíobío	29
4/4/2020	Del Bíobío	33
4/3/2020	Del Bíobío	34
4/2/2020	Del Bíobío	34
4/1/2020	Del Bíobío	36
3/31/2020	Del Bíobío	34
3/30/2020	Del Bíobío	24
3/29/2020	Del Bíobío	26
3/28/2020	Del Bíobío	28
3/27/2020	Del Bíobío	23
3/26/2020	Del Bíobío	25
3/25/2020	Del Bíobío	34
3/24/2020	Del Bíobío	22
3/23/2020	Del Bíobío	29
3/22/2020	Del Bíobío	26
3/21/2020	Del Bíobío	29
3/20/2020	Del Bíobío	36
3/19/2020	Del Bíobío	35
3/18/2020	Del Bíobío	24
3/17/2020	Del Bíobío	29
3/16/2020	Del Bíobío	31
3/15/2020	Del Bíobío	27
3/14/2020	Del Bíobío	33
3/13/2020	Del Bíobío	31
3/12/2020	Del Bíobío	34
3/11/2020	Del Bíobío	22
3/10/2020	Del Bíobío	36
3/9/2020	Del Bíobío	25
3/8/2020	Del Bíobío	20
3/7/2020	Del Bíobío	26
3/6/2020	Del Bíobío	24
3/5/2020	Del Bíobío	24
3/4/2020	Del Bíobío	19
3/3/2020	Del Bíobío	21
3/2/2020	Del Bíobío	27
3/1/2020	Del Bíobío	40
2/29/2020	Del Bíobío	31
2/28/2020	Del Bíobío	26
2/27/2020	Del Bíobío	30
2/26/2020	Del Bíobío	22
2/25/2020	Del Bíobío	34
2/24/2020	Del Bíobío	30
2/23/2020	Del Bíobío	35
2/22/2020	Del Bíobío	36
2/21/2020	Del Bíobío	25
2/20/2020	Del Bíobío	25
2/19/2020	Del Bíobío	26
2/18/2020	Del Bíobío	28
2/17/2020	Del Bíobío	29
2/16/2020	Del Bíobío	28
2/15/2020	Del Bíobío	21
2/14/2020	Del Bíobío	23
2/13/2020	Del Bíobío	14
2/12/2020	Del Bíobío	23
2/11/2020	Del Bíobío	20
2/10/2020	Del Bíobío	20
2/9/2020	Del Bíobío	32
2/8/2020	Del Bíobío	21
2/7/2020	Del Bíobío	29
2/6/2020	Del Bíobío	13
2/5/2020	Del Bíobío	32
2/4/2020	Del Bíobío	25
2/3/2020	Del Bíobío	28
2/2/2020	Del Bíobío	28
2/1/2020	Del Bíobío	35
1/31/2020	Del Bíobío	33
1/30/2020	Del Bíobío	22
1/29/2020	Del Bíobío	30
1/28/2020	Del Bíobío	30
1/27/2020	Del Bíobío	29
1/26/2020	Del Bíobío	33
1/25/2020	Del Bíobío	20
1/24/2020	Del Bíobío	18
1/23/2020	Del Bíobío	16
1/22/2020	Del Bíobío	25
1/21/2020	Del Bíobío	21
1/20/2020	Del Bíobío	28
1/19/2020	Del Bíobío	26
1/18/2020	Del Bíobío	34
1/17/2020	Del Bíobío	33
1/16/2020	Del Bíobío	26
1/15/2020	Del Bíobío	33
1/14/2020	Del Bíobío	29
1/13/2020	Del Bíobío	34
1/12/2020	Del Bíobío	29
1/11/2020	Del Bíobío	35
1/10/2020	Del Bíobío	25
1/9/2020	Del Bíobío	27
1/8/2020	Del Bíobío	25
1/7/2020	Del Bíobío	21
1/6/2020	Del Bíobío	29
1/5/2020	Del Bíobío	27
1/4/2020	Del Bíobío	24
1/3/2020	Del Bíobío	29
1/2/2020	Del Bíobío	31
1/1/2020	Del Bíobío	31
7/16/2020	Del Libertador B. O'Higgins	1
7/15/2020	Del Libertador B. O'Higgins	1
7/14/2020	Del Libertador B. O'Higgins	11
7/13/2020	Del Libertador B. O'Higgins	16
7/12/2020	Del Libertador B. O'Higgins	16
7/11/2020	Del Libertador B. O'Higgins	14
7/10/2020	Del Libertador B. O'Higgins	19
7/9/2020	Del Libertador B. O'Higgins	9
7/8/2020	Del Libertador B. O'Higgins	17
7/7/2020	Del Libertador B. O'Higgins	16
7/6/2020	Del Libertador B. O'Higgins	29
7/5/2020	Del Libertador B. O'Higgins	22
7/4/2020	Del Libertador B. O'Higgins	25
7/3/2020	Del Libertador B. O'Higgins	19
7/2/2020	Del Libertador B. O'Higgins	31
7/1/2020	Del Libertador B. O'Higgins	30
6/30/2020	Del Libertador B. O'Higgins	18
6/29/2020	Del Libertador B. O'Higgins	34
6/28/2020	Del Libertador B. O'Higgins	27
6/27/2020	Del Libertador B. O'Higgins	28
6/26/2020	Del Libertador B. O'Higgins	30
6/25/2020	Del Libertador B. O'Higgins	20
6/24/2020	Del Libertador B. O'Higgins	18
6/23/2020	Del Libertador B. O'Higgins	17
6/22/2020	Del Libertador B. O'Higgins	21
6/21/2020	Del Libertador B. O'Higgins	28
6/20/2020	Del Libertador B. O'Higgins	16
6/19/2020	Del Libertador B. O'Higgins	20
6/18/2020	Del Libertador B. O'Higgins	15
6/17/2020	Del Libertador B. O'Higgins	28
6/16/2020	Del Libertador B. O'Higgins	29
6/15/2020	Del Libertador B. O'Higgins	22
6/14/2020	Del Libertador B. O'Higgins	20
6/13/2020	Del Libertador B. O'Higgins	21
6/12/2020	Del Libertador B. O'Higgins	38
6/11/2020	Del Libertador B. O'Higgins	12
6/10/2020	Del Libertador B. O'Higgins	14
6/9/2020	Del Libertador B. O'Higgins	24
6/8/2020	Del Libertador B. O'Higgins	22
6/7/2020	Del Libertador B. O'Higgins	19
6/6/2020	Del Libertador B. O'Higgins	21
6/5/2020	Del Libertador B. O'Higgins	20
6/4/2020	Del Libertador B. O'Higgins	20
6/3/2020	Del Libertador B. O'Higgins	18
6/2/2020	Del Libertador B. O'Higgins	19
6/1/2020	Del Libertador B. O'Higgins	18
5/31/2020	Del Libertador B. O'Higgins	15
5/30/2020	Del Libertador B. O'Higgins	19
5/29/2020	Del Libertador B. O'Higgins	17
5/28/2020	Del Libertador B. O'Higgins	14
5/27/2020	Del Libertador B. O'Higgins	21
5/26/2020	Del Libertador B. O'Higgins	30
5/25/2020	Del Libertador B. O'Higgins	12
5/24/2020	Del Libertador B. O'Higgins	12
5/23/2020	Del Libertador B. O'Higgins	24
5/22/2020	Del Libertador B. O'Higgins	16
5/21/2020	Del Libertador B. O'Higgins	12
5/20/2020	Del Libertador B. O'Higgins	18
5/19/2020	Del Libertador B. O'Higgins	23
5/18/2020	Del Libertador B. O'Higgins	20
5/17/2020	Del Libertador B. O'Higgins	8
5/16/2020	Del Libertador B. O'Higgins	17
5/15/2020	Del Libertador B. O'Higgins	18
5/14/2020	Del Libertador B. O'Higgins	16
5/13/2020	Del Libertador B. O'Higgins	16
5/12/2020	Del Libertador B. O'Higgins	15
5/11/2020	Del Libertador B. O'Higgins	15
5/10/2020	Del Libertador B. O'Higgins	15
5/9/2020	Del Libertador B. O'Higgins	18
5/8/2020	Del Libertador B. O'Higgins	17
5/7/2020	Del Libertador B. O'Higgins	14
5/6/2020	Del Libertador B. O'Higgins	17
5/5/2020	Del Libertador B. O'Higgins	11
5/4/2020	Del Libertador B. O'Higgins	17
5/3/2020	Del Libertador B. O'Higgins	17
5/2/2020	Del Libertador B. O'Higgins	15
5/1/2020	Del Libertador B. O'Higgins	15
4/30/2020	Del Libertador B. O'Higgins	8
4/29/2020	Del Libertador B. O'Higgins	15
4/28/2020	Del Libertador B. O'Higgins	17
4/27/2020	Del Libertador B. O'Higgins	9
4/26/2020	Del Libertador B. O'Higgins	17
4/25/2020	Del Libertador B. O'Higgins	16
4/24/2020	Del Libertador B. O'Higgins	11
4/23/2020	Del Libertador B. O'Higgins	14
4/22/2020	Del Libertador B. O'Higgins	18
4/21/2020	Del Libertador B. O'Higgins	14
4/20/2020	Del Libertador B. O'Higgins	17
4/19/2020	Del Libertador B. O'Higgins	14
4/18/2020	Del Libertador B. O'Higgins	12
4/17/2020	Del Libertador B. O'Higgins	13
4/16/2020	Del Libertador B. O'Higgins	18
4/15/2020	Del Libertador B. O'Higgins	10
4/14/2020	Del Libertador B. O'Higgins	11
4/13/2020	Del Libertador B. O'Higgins	12
4/12/2020	Del Libertador B. O'Higgins	14
4/11/2020	Del Libertador B. O'Higgins	17
4/10/2020	Del Libertador B. O'Higgins	15
4/9/2020	Del Libertador B. O'Higgins	18
4/8/2020	Del Libertador B. O'Higgins	14
4/7/2020	Del Libertador B. O'Higgins	11
4/6/2020	Del Libertador B. O'Higgins	13
4/5/2020	Del Libertador B. O'Higgins	17
4/4/2020	Del Libertador B. O'Higgins	22
4/3/2020	Del Libertador B. O'Higgins	12
4/2/2020	Del Libertador B. O'Higgins	12
4/1/2020	Del Libertador B. O'Higgins	14
3/31/2020	Del Libertador B. O'Higgins	17
3/30/2020	Del Libertador B. O'Higgins	19
3/29/2020	Del Libertador B. O'Higgins	14
3/28/2020	Del Libertador B. O'Higgins	19
3/27/2020	Del Libertador B. O'Higgins	15
3/26/2020	Del Libertador B. O'Higgins	11
3/25/2020	Del Libertador B. O'Higgins	16
3/24/2020	Del Libertador B. O'Higgins	11
3/23/2020	Del Libertador B. O'Higgins	11
3/22/2020	Del Libertador B. O'Higgins	11
3/21/2020	Del Libertador B. O'Higgins	13
3/20/2020	Del Libertador B. O'Higgins	19
3/19/2020	Del Libertador B. O'Higgins	12
3/18/2020	Del Libertador B. O'Higgins	15
3/17/2020	Del Libertador B. O'Higgins	13
3/16/2020	Del Libertador B. O'Higgins	17
3/15/2020	Del Libertador B. O'Higgins	16
3/14/2020	Del Libertador B. O'Higgins	10
3/13/2020	Del Libertador B. O'Higgins	17
3/12/2020	Del Libertador B. O'Higgins	10
3/11/2020	Del Libertador B. O'Higgins	20
3/10/2020	Del Libertador B. O'Higgins	17
3/9/2020	Del Libertador B. O'Higgins	15
3/8/2020	Del Libertador B. O'Higgins	22
3/7/2020	Del Libertador B. O'Higgins	13
3/6/2020	Del Libertador B. O'Higgins	15
3/5/2020	Del Libertador B. O'Higgins	16
3/4/2020	Del Libertador B. O'Higgins	7
3/3/2020	Del Libertador B. O'Higgins	19
3/2/2020	Del Libertador B. O'Higgins	18
3/1/2020	Del Libertador B. O'Higgins	15
2/29/2020	Del Libertador B. O'Higgins	10
2/28/2020	Del Libertador B. O'Higgins	16
2/27/2020	Del Libertador B. O'Higgins	15
2/26/2020	Del Libertador B. O'Higgins	12
2/25/2020	Del Libertador B. O'Higgins	8
2/24/2020	Del Libertador B. O'Higgins	12
2/23/2020	Del Libertador B. O'Higgins	16
2/22/2020	Del Libertador B. O'Higgins	15
2/21/2020	Del Libertador B. O'Higgins	21
2/20/2020	Del Libertador B. O'Higgins	16
2/19/2020	Del Libertador B. O'Higgins	9
2/18/2020	Del Libertador B. O'Higgins	19
2/17/2020	Del Libertador B. O'Higgins	15
2/16/2020	Del Libertador B. O'Higgins	14
2/15/2020	Del Libertador B. O'Higgins	26
2/14/2020	Del Libertador B. O'Higgins	13
2/13/2020	Del Libertador B. O'Higgins	16
2/12/2020	Del Libertador B. O'Higgins	11
2/11/2020	Del Libertador B. O'Higgins	14
2/10/2020	Del Libertador B. O'Higgins	18
2/9/2020	Del Libertador B. O'Higgins	11
2/8/2020	Del Libertador B. O'Higgins	15
2/7/2020	Del Libertador B. O'Higgins	21
2/6/2020	Del Libertador B. O'Higgins	16
2/5/2020	Del Libertador B. O'Higgins	12
2/4/2020	Del Libertador B. O'Higgins	17
2/3/2020	Del Libertador B. O'Higgins	20
2/2/2020	Del Libertador B. O'Higgins	14
2/1/2020	Del Libertador B. O'Higgins	26
1/31/2020	Del Libertador B. O'Higgins	18
1/30/2020	Del Libertador B. O'Higgins	13
1/29/2020	Del Libertador B. O'Higgins	16
1/28/2020	Del Libertador B. O'Higgins	17
1/27/2020	Del Libertador B. O'Higgins	20
1/26/2020	Del Libertador B. O'Higgins	13
1/25/2020	Del Libertador B. O'Higgins	14
1/24/2020	Del Libertador B. O'Higgins	9
1/23/2020	Del Libertador B. O'Higgins	23
1/22/2020	Del Libertador B. O'Higgins	16
1/21/2020	Del Libertador B. O'Higgins	20
1/20/2020	Del Libertador B. O'Higgins	15
1/19/2020	Del Libertador B. O'Higgins	18
1/18/2020	Del Libertador B. O'Higgins	16
1/17/2020	Del Libertador B. O'Higgins	16
1/16/2020	Del Libertador B. O'Higgins	19
1/15/2020	Del Libertador B. O'Higgins	12
1/14/2020	Del Libertador B. O'Higgins	21
1/13/2020	Del Libertador B. O'Higgins	18
1/12/2020	Del Libertador B. O'Higgins	15
1/11/2020	Del Libertador B. O'Higgins	19
1/10/2020	Del Libertador B. O'Higgins	16
1/9/2020	Del Libertador B. O'Higgins	17
1/8/2020	Del Libertador B. O'Higgins	14
1/7/2020	Del Libertador B. O'Higgins	15
1/6/2020	Del Libertador B. O'Higgins	18
1/5/2020	Del Libertador B. O'Higgins	13
1/4/2020	Del Libertador B. O'Higgins	18
1/3/2020	Del Libertador B. O'Higgins	15
1/2/2020	Del Libertador B. O'Higgins	16
1/1/2020	Del Libertador B. O'Higgins	17
7/15/2020	Del Maule	1
7/14/2020	Del Maule	9
7/13/2020	Del Maule	11
7/12/2020	Del Maule	6
7/11/2020	Del Maule	13
7/10/2020	Del Maule	16
7/9/2020	Del Maule	13
7/8/2020	Del Maule	24
7/7/2020	Del Maule	28
7/6/2020	Del Maule	14
7/5/2020	Del Maule	20
7/4/2020	Del Maule	15
7/3/2020	Del Maule	18
7/2/2020	Del Maule	25
7/1/2020	Del Maule	25
6/30/2020	Del Maule	15
6/29/2020	Del Maule	24
6/28/2020	Del Maule	27
6/27/2020	Del Maule	29
6/26/2020	Del Maule	31
6/25/2020	Del Maule	23
6/24/2020	Del Maule	18
6/23/2020	Del Maule	20
6/22/2020	Del Maule	12
6/21/2020	Del Maule	22
6/20/2020	Del Maule	24
6/19/2020	Del Maule	15
6/18/2020	Del Maule	23
6/17/2020	Del Maule	18
6/16/2020	Del Maule	18
6/15/2020	Del Maule	25
6/14/2020	Del Maule	32
6/13/2020	Del Maule	25
6/12/2020	Del Maule	13
6/11/2020	Del Maule	19
6/10/2020	Del Maule	25
6/9/2020	Del Maule	20
6/8/2020	Del Maule	31
6/7/2020	Del Maule	24
6/6/2020	Del Maule	30
6/5/2020	Del Maule	19
6/4/2020	Del Maule	19
6/3/2020	Del Maule	28
6/2/2020	Del Maule	29
6/1/2020	Del Maule	27
5/31/2020	Del Maule	22
5/30/2020	Del Maule	19
5/29/2020	Del Maule	15
5/28/2020	Del Maule	22
5/27/2020	Del Maule	20
5/26/2020	Del Maule	21
5/25/2020	Del Maule	23
5/24/2020	Del Maule	18
5/23/2020	Del Maule	30
5/22/2020	Del Maule	28
5/21/2020	Del Maule	16
5/20/2020	Del Maule	22
5/19/2020	Del Maule	16
5/18/2020	Del Maule	19
5/17/2020	Del Maule	18
5/16/2020	Del Maule	18
5/15/2020	Del Maule	27
5/14/2020	Del Maule	18
5/13/2020	Del Maule	16
5/12/2020	Del Maule	16
5/11/2020	Del Maule	9
5/10/2020	Del Maule	20
5/9/2020	Del Maule	16
5/8/2020	Del Maule	15
5/7/2020	Del Maule	20
5/6/2020	Del Maule	18
5/5/2020	Del Maule	15
5/4/2020	Del Maule	18
5/3/2020	Del Maule	21
5/2/2020	Del Maule	23
5/1/2020	Del Maule	18
4/30/2020	Del Maule	14
4/29/2020	Del Maule	17
4/28/2020	Del Maule	19
4/27/2020	Del Maule	17
4/26/2020	Del Maule	20
4/25/2020	Del Maule	19
4/24/2020	Del Maule	12
4/23/2020	Del Maule	13
4/22/2020	Del Maule	24
4/21/2020	Del Maule	15
4/20/2020	Del Maule	19
4/19/2020	Del Maule	25
4/18/2020	Del Maule	18
4/17/2020	Del Maule	16
4/16/2020	Del Maule	21
4/15/2020	Del Maule	24
4/14/2020	Del Maule	28
4/13/2020	Del Maule	23
4/12/2020	Del Maule	16
4/11/2020	Del Maule	23
4/10/2020	Del Maule	16
4/9/2020	Del Maule	21
4/8/2020	Del Maule	15
4/7/2020	Del Maule	18
4/6/2020	Del Maule	14
4/5/2020	Del Maule	12
4/4/2020	Del Maule	21
4/3/2020	Del Maule	20
4/2/2020	Del Maule	16
4/1/2020	Del Maule	17
3/31/2020	Del Maule	20
3/30/2020	Del Maule	13
3/29/2020	Del Maule	22
3/28/2020	Del Maule	17
3/27/2020	Del Maule	12
3/26/2020	Del Maule	23
3/25/2020	Del Maule	14
3/24/2020	Del Maule	14
3/23/2020	Del Maule	20
3/22/2020	Del Maule	8
3/21/2020	Del Maule	13
3/20/2020	Del Maule	11
3/19/2020	Del Maule	17
3/18/2020	Del Maule	15
3/17/2020	Del Maule	17
3/16/2020	Del Maule	11
3/15/2020	Del Maule	14
3/14/2020	Del Maule	22
3/13/2020	Del Maule	21
3/12/2020	Del Maule	21
3/11/2020	Del Maule	13
3/10/2020	Del Maule	20
3/9/2020	Del Maule	19
3/8/2020	Del Maule	16
3/7/2020	Del Maule	17
3/6/2020	Del Maule	20
3/5/2020	Del Maule	16
3/4/2020	Del Maule	12
3/3/2020	Del Maule	18
3/2/2020	Del Maule	9
3/1/2020	Del Maule	13
2/29/2020	Del Maule	26
2/28/2020	Del Maule	18
2/27/2020	Del Maule	17
2/26/2020	Del Maule	13
2/25/2020	Del Maule	19
2/24/2020	Del Maule	15
2/23/2020	Del Maule	14
2/22/2020	Del Maule	20
2/21/2020	Del Maule	15
2/20/2020	Del Maule	14
2/19/2020	Del Maule	12
2/18/2020	Del Maule	27
2/17/2020	Del Maule	16
2/16/2020	Del Maule	15
2/15/2020	Del Maule	18
2/14/2020	Del Maule	6
2/13/2020	Del Maule	13
2/12/2020	Del Maule	17
2/11/2020	Del Maule	20
2/10/2020	Del Maule	24
2/9/2020	Del Maule	30
2/8/2020	Del Maule	17
2/7/2020	Del Maule	16
2/6/2020	Del Maule	18
2/5/2020	Del Maule	17
2/4/2020	Del Maule	19
2/3/2020	Del Maule	19
2/2/2020	Del Maule	12
2/1/2020	Del Maule	18
1/31/2020	Del Maule	17
1/30/2020	Del Maule	21
1/29/2020	Del Maule	9
1/28/2020	Del Maule	28
1/27/2020	Del Maule	20
1/26/2020	Del Maule	17
1/25/2020	Del Maule	27
1/24/2020	Del Maule	19
1/23/2020	Del Maule	19
1/22/2020	Del Maule	22
1/21/2020	Del Maule	25
1/20/2020	Del Maule	22
1/19/2020	Del Maule	15
1/18/2020	Del Maule	16
1/17/2020	Del Maule	16
1/16/2020	Del Maule	16
1/15/2020	Del Maule	23
1/14/2020	Del Maule	18
1/13/2020	Del Maule	19
1/12/2020	Del Maule	18
1/11/2020	Del Maule	16
1/10/2020	Del Maule	26
1/9/2020	Del Maule	14
1/8/2020	Del Maule	21
1/7/2020	Del Maule	18
1/6/2020	Del Maule	16
1/5/2020	Del Maule	21
1/4/2020	Del Maule	20
1/3/2020	Del Maule	24
1/2/2020	Del Maule	18
1/1/2020	Del Maule	20
6/25/2020	Ignorada	1
5/27/2020	Ignorada	1
4/28/2020	Ignorada	1
7/16/2020	Metropolitana de Santiago	12
7/15/2020	Metropolitana de Santiago	115
7/14/2020	Metropolitana de Santiago	143
7/13/2020	Metropolitana de Santiago	160
7/12/2020	Metropolitana de Santiago	154
7/11/2020	Metropolitana de Santiago	167
7/10/2020	Metropolitana de Santiago	191
7/9/2020	Metropolitana de Santiago	187
7/8/2020	Metropolitana de Santiago	200
7/7/2020	Metropolitana de Santiago	202
7/6/2020	Metropolitana de Santiago	205
7/5/2020	Metropolitana de Santiago	181
7/4/2020	Metropolitana de Santiago	194
7/3/2020	Metropolitana de Santiago	216
7/2/2020	Metropolitana de Santiago	231
7/1/2020	Metropolitana de Santiago	211
6/30/2020	Metropolitana de Santiago	231
6/29/2020	Metropolitana de Santiago	210
6/28/2020	Metropolitana de Santiago	257
6/27/2020	Metropolitana de Santiago	232
6/26/2020	Metropolitana de Santiago	256
6/25/2020	Metropolitana de Santiago	258
6/24/2020	Metropolitana de Santiago	253
6/23/2020	Metropolitana de Santiago	278
6/22/2020	Metropolitana de Santiago	251
6/21/2020	Metropolitana de Santiago	267
6/20/2020	Metropolitana de Santiago	258
6/19/2020	Metropolitana de Santiago	308
6/18/2020	Metropolitana de Santiago	270
6/17/2020	Metropolitana de Santiago	330
6/16/2020	Metropolitana de Santiago	342
6/15/2020	Metropolitana de Santiago	331
6/14/2020	Metropolitana de Santiago	328
6/13/2020	Metropolitana de Santiago	334
6/12/2020	Metropolitana de Santiago	323
6/11/2020	Metropolitana de Santiago	346
6/10/2020	Metropolitana de Santiago	341
6/9/2020	Metropolitana de Santiago	364
6/8/2020	Metropolitana de Santiago	299
6/7/2020	Metropolitana de Santiago	330
6/6/2020	Metropolitana de Santiago	360
6/5/2020	Metropolitana de Santiago	318
6/4/2020	Metropolitana de Santiago	308
6/3/2020	Metropolitana de Santiago	329
6/2/2020	Metropolitana de Santiago	315
6/1/2020	Metropolitana de Santiago	338
5/31/2020	Metropolitana de Santiago	286
5/30/2020	Metropolitana de Santiago	291
5/29/2020	Metropolitana de Santiago	298
5/28/2020	Metropolitana de Santiago	263
5/27/2020	Metropolitana de Santiago	302
5/26/2020	Metropolitana de Santiago	273
5/25/2020	Metropolitana de Santiago	267
5/24/2020	Metropolitana de Santiago	279
5/23/2020	Metropolitana de Santiago	252
5/22/2020	Metropolitana de Santiago	222
5/21/2020	Metropolitana de Santiago	222
5/20/2020	Metropolitana de Santiago	211
5/19/2020	Metropolitana de Santiago	205
5/18/2020	Metropolitana de Santiago	185
5/17/2020	Metropolitana de Santiago	182
5/16/2020	Metropolitana de Santiago	180
5/15/2020	Metropolitana de Santiago	162
5/14/2020	Metropolitana de Santiago	171
5/13/2020	Metropolitana de Santiago	160
5/12/2020	Metropolitana de Santiago	141
5/11/2020	Metropolitana de Santiago	123
5/10/2020	Metropolitana de Santiago	139
5/9/2020	Metropolitana de Santiago	149
5/8/2020	Metropolitana de Santiago	130
5/7/2020	Metropolitana de Santiago	155
5/6/2020	Metropolitana de Santiago	133
5/5/2020	Metropolitana de Santiago	136
5/4/2020	Metropolitana de Santiago	135
5/3/2020	Metropolitana de Santiago	114
5/2/2020	Metropolitana de Santiago	109
5/1/2020	Metropolitana de Santiago	113
4/30/2020	Metropolitana de Santiago	113
4/29/2020	Metropolitana de Santiago	87
4/28/2020	Metropolitana de Santiago	100
4/27/2020	Metropolitana de Santiago	135
4/26/2020	Metropolitana de Santiago	110
4/25/2020	Metropolitana de Santiago	107
4/24/2020	Metropolitana de Santiago	123
4/23/2020	Metropolitana de Santiago	111
4/22/2020	Metropolitana de Santiago	99
4/21/2020	Metropolitana de Santiago	130
4/20/2020	Metropolitana de Santiago	111
4/19/2020	Metropolitana de Santiago	116
4/18/2020	Metropolitana de Santiago	116
4/17/2020	Metropolitana de Santiago	108
4/16/2020	Metropolitana de Santiago	101
4/15/2020	Metropolitana de Santiago	112
4/14/2020	Metropolitana de Santiago	103
4/13/2020	Metropolitana de Santiago	100
4/12/2020	Metropolitana de Santiago	106
4/11/2020	Metropolitana de Santiago	100
4/10/2020	Metropolitana de Santiago	113
4/9/2020	Metropolitana de Santiago	100
4/8/2020	Metropolitana de Santiago	117
4/7/2020	Metropolitana de Santiago	120
4/6/2020	Metropolitana de Santiago	110
4/5/2020	Metropolitana de Santiago	106
4/4/2020	Metropolitana de Santiago	111
4/3/2020	Metropolitana de Santiago	119
4/2/2020	Metropolitana de Santiago	104
4/1/2020	Metropolitana de Santiago	120
3/31/2020	Metropolitana de Santiago	91
3/30/2020	Metropolitana de Santiago	117
3/29/2020	Metropolitana de Santiago	104
3/28/2020	Metropolitana de Santiago	91
3/27/2020	Metropolitana de Santiago	107
3/26/2020	Metropolitana de Santiago	104
3/25/2020	Metropolitana de Santiago	103
3/24/2020	Metropolitana de Santiago	109
3/23/2020	Metropolitana de Santiago	99
3/22/2020	Metropolitana de Santiago	105
3/21/2020	Metropolitana de Santiago	115
3/20/2020	Metropolitana de Santiago	108
3/19/2020	Metropolitana de Santiago	108
3/18/2020	Metropolitana de Santiago	107
3/17/2020	Metropolitana de Santiago	112
3/16/2020	Metropolitana de Santiago	89
3/15/2020	Metropolitana de Santiago	84
3/14/2020	Metropolitana de Santiago	95
3/13/2020	Metropolitana de Santiago	113
3/12/2020	Metropolitana de Santiago	92
3/11/2020	Metropolitana de Santiago	106
3/10/2020	Metropolitana de Santiago	111
3/9/2020	Metropolitana de Santiago	103
3/8/2020	Metropolitana de Santiago	107
3/7/2020	Metropolitana de Santiago	89
3/6/2020	Metropolitana de Santiago	106
3/5/2020	Metropolitana de Santiago	108
3/4/2020	Metropolitana de Santiago	115
3/3/2020	Metropolitana de Santiago	95
3/2/2020	Metropolitana de Santiago	92
3/1/2020	Metropolitana de Santiago	95
2/29/2020	Metropolitana de Santiago	107
2/28/2020	Metropolitana de Santiago	105
2/27/2020	Metropolitana de Santiago	98
2/26/2020	Metropolitana de Santiago	93
2/25/2020	Metropolitana de Santiago	99
2/24/2020	Metropolitana de Santiago	84
2/23/2020	Metropolitana de Santiago	84
2/22/2020	Metropolitana de Santiago	95
2/21/2020	Metropolitana de Santiago	89
2/20/2020	Metropolitana de Santiago	107
2/19/2020	Metropolitana de Santiago	101
2/18/2020	Metropolitana de Santiago	97
2/17/2020	Metropolitana de Santiago	100
2/16/2020	Metropolitana de Santiago	122
2/15/2020	Metropolitana de Santiago	106
2/14/2020	Metropolitana de Santiago	96
2/13/2020	Metropolitana de Santiago	114
2/12/2020	Metropolitana de Santiago	99
2/11/2020	Metropolitana de Santiago	91
2/10/2020	Metropolitana de Santiago	93
2/9/2020	Metropolitana de Santiago	110
2/8/2020	Metropolitana de Santiago	87
2/7/2020	Metropolitana de Santiago	119
2/6/2020	Metropolitana de Santiago	102
2/5/2020	Metropolitana de Santiago	102
2/4/2020	Metropolitana de Santiago	97
2/3/2020	Metropolitana de Santiago	105
2/2/2020	Metropolitana de Santiago	76
2/1/2020	Metropolitana de Santiago	97
1/31/2020	Metropolitana de Santiago	111
1/30/2020	Metropolitana de Santiago	103
1/29/2020	Metropolitana de Santiago	101
1/28/2020	Metropolitana de Santiago	105
1/27/2020	Metropolitana de Santiago	117
1/26/2020	Metropolitana de Santiago	120
1/25/2020	Metropolitana de Santiago	110
1/24/2020	Metropolitana de Santiago	106
1/23/2020	Metropolitana de Santiago	88
1/22/2020	Metropolitana de Santiago	106
1/21/2020	Metropolitana de Santiago	111
1/20/2020	Metropolitana de Santiago	91
1/19/2020	Metropolitana de Santiago	108
1/18/2020	Metropolitana de Santiago	130
1/17/2020	Metropolitana de Santiago	118
1/16/2020	Metropolitana de Santiago	91
1/15/2020	Metropolitana de Santiago	106
1/14/2020	Metropolitana de Santiago	95
1/13/2020	Metropolitana de Santiago	98
1/12/2020	Metropolitana de Santiago	108
1/11/2020	Metropolitana de Santiago	112
1/10/2020	Metropolitana de Santiago	108
1/9/2020	Metropolitana de Santiago	105
1/8/2020	Metropolitana de Santiago	120
1/7/2020	Metropolitana de Santiago	95
1/6/2020	Metropolitana de Santiago	119
1/5/2020	Metropolitana de Santiago	102
1/4/2020	Metropolitana de Santiago	121
1/3/2020	Metropolitana de Santiago	133
1/2/2020	Metropolitana de Santiago	106
1/1/2020	Metropolitana de Santiago	120
